:020000040800F2
:1000000000200020C90E0008C70E0008C50E000819
:10001000C50E0008C50E0008C50E0008000000004F
:10002000000000000000000000000000C70E0008F3
:10003000C70E000800000000C70E000835020008C7
:10004000C50E0008C50E0008C50E0008C50E000844
:10005000C50E0008C50E0008C50E0008C50E000834
:10006000C50E0008C50E0008C50E0008C50E000824
:10007000C50E0008C50E0008C50E0008C50E000814
:10008000C50E0008C50E0008C50E0008C50E000804
:10009000C50E0008C50E0008C50E0008C50E0008F4
:1000A000C50E0008C50E0008C50E0008C50E0008E4
:1000B000C50E0008C50E0008C50E0008C50E0008D4
:1000C000C50E0008C50E0008C50E0008C50E0008C4
:1000D000C50E0008C50E0008C50E0008C50E0008B4
:1000E000C50E0008C50E0008C50E0008C50E0008A4
:1000F000C50E0008C50E0008C50E0008C50E000894
:10010000C50E0008C50E0008C50E0008C50E000883
:10011000C50E0008C50E0008C50E0008C50E000873
:10012000C50E0008C50E0008C50E0008C50E000863
:10013000C50E0008C50E0008C50E0008C50E000853
:10014000C50E0008C50E0008C50E0008950600087B
:10015000012901D100F0A6BA7047000010B5074C84
:100160002378012B02D94FF0FF3010BD00F0C2FA06
:100170000028F8DB0123637010BD00BF18000020C9
:10018000084B10B51C465860FFF7E8FF002804DB59
:10019000054A53680133536010BD6368002BF3D1E7
:1001A00010BD00BFB00600201800002008B5FFF702
:1001B000E7FFA0F120035842584108BD034B1B78CC
:1001C000012B01D800F0A4BA704700BF180000202E
:1001D00038B5134C2368013320D0124D124B2A68D6
:1001E0009A421BD9114B9B6803F1006303F58053BE
:1001F0009A4213D200F046FE00F0C2FE00F0D0FE9C
:1002000000F072FA00F0C4FA00F092FA084B1C6099
:1002100023682A6883F308881047FEE738BD00BFCB
:100220000010000804100008FF0F00080000002064
:1002300008ED00E008B500230C4A52F823101046E0
:1002400021B152F82310013942F823100133042B55
:10025000F2D1074B93F810313BB983682BB90220D8
:1002600000F01EFB014B32229A6008BDB006002050
:1002700018000020024BD860DA68002AFCD17047D1
:10028000B00600202DE9F04F8146C34EC34F002435
:100290008FB034700420BD6800F05EFEFB684FF440
:1002A0007A70584300F050FEDFF80CA300F060FEB7
:1002B00000F06EFEB9F1000F01D0CAF8009086F888
:1002C0001041CAF808404FF0FF38012000F0D8FA7A
:1002D000B9F1000F04D0DAF80030002B00F0CF8124
:1002E0000020FFF74DFF0390039B002BF0DB012064
:1002F00000F0B6FA039B213B102BE6D801A252F87E
:1003000023F000BF4903000857030008B7030008A3
:10031000CB020008CB020008CB020008150400083D
:10032000CB020008AD0400082F0500086505000891
:10033000BD050008CB020008D5050008CB02000867
:10034000FB050008390600080220FFF72FFF0028F0
:1003500040F0728180E14FF47A70FFF711FF041EC4
:10036000C0F27A810220FFF721FF002800F074819B
:10037000601E042800F27081DFE800F00305070921
:100380000E00874804E0854802E0864800E0864881
:100390000421FFF713FF4FE11C24204600F029FA47
:1003A0000EAB43F8140D184604210434FFF706FF82
:1003B0002C2CF2D140E10220FFF7F8FE002800F0DB
:1003C0004B810123022086F8103100F049FA00F039
:1003D00047FD0025284600F0F7F9044620B12846DD
:1003E00000F0F8F90135F5E7022086F8100100F079
:1003F00047FABB689C4207D2204600F0FAF9013068
:1004000040F033810434F4E7002586F81051CAF82F
:10041000085011E13220FFF7B3FE041EC0F21C8128
:1004200014F0030B40F01881BA686319934200F28C
:100430001381B4F5807F00F20F81A3450FD04FF4F4
:100440007A70FFF79DFE0390039B002BC0F204819E
:10045000039A564B0BF803200BF1010BEDE7C82074
:10046000FFF7A4FE002800F0F7802DB94FF0FF330E
:10047000D6F81481C6F8143124F0030404EB050BFC
:100480002C465C4510D0494B20465B1B1959019303
:1004900000F0A9F9204600F0ACF9019B1B599842E5
:1004A00040F0E3800434ECE72546C5E00220FFF786
:1004B0007DFE002800F0D0800024A146BB689C424D
:1004C00031D22CB9B8F1FF3F02D0CDF8248003E03F
:1004D000204600F08EF90990D6F8183293B91A46E2
:1004E000082112F0010F4FEA520016BF304A0246AF
:1004F00042400139F5D12F4941F823200133B3F5AA
:10050000807FECD1002209ABD35C013283EA09037E
:10051000DBB206EB8303D3F81432042A83EA1929E9
:10052000F1D10434CAE70EA840F8289D30E7002432
:100530006420FFF725FE0028C0F28E8009ABE0544E
:100540000134042CF4D10220DDF824B0FFF72EFE94
:10055000002800F08180584600F051F90EAB43F8B6
:10056000240D17E000246420FFF70AFE002873DB47
:1005700009ABE0540134042CF5D10220DDF824B09D
:10058000FFF714FE002867D0584600F063F90EAB61
:1005900043F8200D18462EE018000020000000202F
:1005A000B00F000804000020080000202C010020EB
:1005B0002083B8ED2C020020B00600200220FFF7B7
:1005C000F5FD002848D000F01DF90EAB43F81C0DD6
:1005D0001846DDE60220FFF7E9FD00283CD009A916
:1005E000142000F015F904460EA840F8184D042117
:1005F000FFF7E4FD09A82146CBE64FF47A70FFF738
:10060000D5FD48B3B8F1FF3F0BD11E4B09A81B889D
:100610000221ADF82430FFF7D1FD6420FFF72AFE58
:100620002DE00020414600F0DEF8002000F0E1F867
:100630004045EAD02C4618E03278134B0AB95A7874
:100640001A70104B09A81B880221ADF824304FF016
:100650000009FFF7B3FD38E60C4B09A81B880221FF
:10066000ADF82430FFF7AAFD2FE6094B09A81B8837
:100670000221ADF824302546FFF7A0FD25E60FB096
:10068000BDE8F08FB40F000818000020B60F000876
:10069000B80F0008024B186808B100F00DBC704795
:1006A0002C06002010B50F4C4FF4E131206000F013
:1006B0006DFB2068082100F07DFB2068002100F020
:1006C00082FB20680C2100F08AFB2068002100F0EA
:1006D00080FB2068002100F088FB2068BDE8104006
:1006E00000F089BBC0060020014B186800F088BBF1
:1006F000C006002008B5054B186803689B0602D5A4
:1007000000F092FB08BD4FF0FF3008BDC00600208E
:1007100038B504464518AC4206D0044B14F8011B0A
:10072000186800F072FBF6E738BD00BFC006002075
:1007300010B5144C0021204601224FF4404300F034
:10074000ABF9012220232046002100F0A5F9204624
:1007500004F5823420211C3400F00AFB20464FF0BF
:10076000C05100F06DFB012204230748002100F076
:1007700093F920464FF4003100F062FB034B002256
:100780001A6010BD000C0140000801401810024022
:1007900010B5042000F0F4F9042000F0BFF9084B74
:1007A00000241C60032000F015FA204600F012FA25
:1007B00000F03CFA032000F041FA024B1C6010BD2F
:1007C00004100240081002403B2894BF4FF48060A0
:1007D000002070473B2805D800F500300430800227
:1007E00000F01EB9704700F1006000F5805000F085
:1007F00057BB00F1006000F5805000687047002092
:1008000070470000014B1868704700BF002004E0EB
:10081000F0B585B005460E466A466F460C4B03F1AF
:10082000080E144618685968083303C473452246F5
:10083000F7D118681B792060237100203B5C2BB135
:100840006A1E904202DA33540130F7E705B0F0BD7A
:10085000BA0F000800F10050A0F6180000687047B9
:10086000012802D0022804D0704704484FF4804188
:1008700002E002484FF4004100F07ABA000C014057
:10088000012802D0022804D0704704484FF4804168
:1008900002E002484FF4004100F068BA000C014049
:1008A000012802D0022804D0704704484FF4804148
:1008B00002E002484FF4004100F060BA000C014031
:1008C00010B52C48082100F0B7FA00224FF440433D
:1008D0002948032100F0E0F827484FF4404100F098
:1008E00047FA2448082100F0A7FA2348202100F005
:1008F0003DFA012220232048002100F0CDF81F48B6
:100900004FF0C05100F098FA1A48042100F094FA10
:10091000022204231A48032100F0BEF817484FF4BE
:10092000003100F089FA174B17491A6842F48072B7
:100930001A60164A1068884204BF002111601A68C4
:10094000202122F480721A600B4800F014FA20284B
:1009500014BFC8244FF0FF3400F0CAF90C4801213D
:10096000FFF7F6FB2046FFF78DFC0024FFF730FC75
:10097000F8E700BF18100240000C01401C100240B4
:10098000000801400070004017037119046C00401A
:1009900000440040074B084918680A6800F0350019
:1009A000B2F5007F04D9054B196801F035021043F8
:1009B000704700BF0C200240E0F7FF1F4C200240B0
:1009C00038B504460D4600F065FA114B1868B0F5CD
:1009D000007F04D90F498C4201D90F4B00E00F4B27
:1009E0001A6842F001001860258000F053FA0849A7
:1009F0000B68B3F5007F04D9064A944201D9064832
:100A000000E00648016821F00103036038BD00BF23
:100A1000E0F7FF1FFFFF07085020024010200240B0
:100A200010B5044600F036FA154B1868B0F5007F93
:100A300009D914498C4206D9134B14491A6842F05B
:100A40000200186005E0124B12491A6842F00200D9
:100A500018600C60196841F040021A6000F01AFA40
:100A6000074B1868B0F5007F04D906498C4201D9BC
:100A7000054B00E0064B1A6822F00200186010BD1A
:100A8000E0F7FF1FFFFF07085020024054200240FC
:100A900010200240142002402DE9F0470668456806
:100AA0004FF6E07C002443FA04F717F0010F21D041
:100AB0001FFA84F8B8F1070F04D84FEA8807BFB2CD
:100AC000B14601E06746A9464FF00F0A0AFA07FA55
:100AD00029EA0A0907F1020A02FA0AFA01FA07F7F3
:100AE0004AEA070747EA0907B8F1080F28BF3D4659
:100AF00038BF3E4601340CF1040C102C1FFA8CFC5C
:100B0000D1D106604560BDE8F0870000024B1A684D
:100B100042F080701860704700100240062827D805
:100B2000DFE800F004090E13181D2200114B1868AD
:100B30008101FBD570470F490A681201FBD5704748
:100B40000C4B18688300FBD570470A490A6890036C
:100B5000FBD57047074B18688107FBD570470649DE
:100B60000A689207FBD57047044B18688307FBD5CA
:100B7000704700BF001002402010024024100240C5
:100B800006281FD8DFE800F004060B10151719001F
:100B9000FFF7BCBF0C4B186840F0806011E00A4BB7
:100BA0001A6842F080500CE0074B196841F480301D
:100BB00007E0054B02E0054B00E0054B1A6842F0E8
:100BC00001001860704700BF001002402010024072
:100BD00024100240062822D8DFE800F004090E1392
:100BE000181A1C000E4B196821F0807016E00C4B8F
:100BF000186820F0806011E0094B1A6822F08050DC
:100C00000CE0074B196821F4803007E0044B02E048
:100C1000044B00E0044B1A6822F001001860704792
:100C2000001002402010024024100240024B1A68BB
:100C300022F400201860704700100240032806D0FC
:100C4000052809D1054B1A6822F0040003E0044B83
:100C5000196821F480201860704700BF20100240FE
:100C600000100240034B1A6822F003010843186089
:100C7000704700BF04100240034B1A6822F4701141
:100C800041EA80401860704704100240034B1A6824
:100C900022F4803141EA004018607047041002409D
:100CA000034B1A6822F4404141EA803018607047D3
:100CB00004100240034B1A6822F4605141EAC0203C
:100CC0001860704704100240034B1A6822F4E06178
:100CD00041EA00201860704704100240034B1A6874
:100CE00022F0F00141EA0010186070470410024041
:100CF00008B50420FFF744FF0420FFF70FFF002092
:100D0000FFF7B0FF0020FFF7E9FF0320FFF7C8FF60
:100D10000420FFF7D9FF0020FFF7CCFF0E4B1A6825
:100D200042F480001860012000F090F80A20FFF7DC
:100D3000A3FF0020FFF7AAFFFFF7E8FE0020FFF760
:100D4000EDFE0220FFF78EFF0449054B054A0648D9
:100D50001960026008BD00BF0410024000366E0139
:100D600010000020006CDC021400002001617047BC
:100D7000090401617047806808407047C36821EA30
:100D800003020B4042EA034101617047064A074BE8
:100D900090421B6804BF064B1B6801EB43034900EC
:100DA000B3FBF1F282607047003801401000002070
:100DB00014000020C36808290CBF23F4805343F4B7
:100DC0008053C3607047036923F4405211430161AB
:100DD0007047C36823F4C0621143C1607047C368A1
:100DE00023F00C021143C1607047436923F4407241
:100DF000114341617047C36843F40051C1607047BB
:100E0000C36823F40051C160704738B504460D46ED
:100E100000F00EF820462946BDE8384000F000B842
:100E2000C905CA0D426070474068C105C80D7047CA
:100E300003681B06FCD570470368194301607047BF
:100E4000036823EA0101016070470000034B1A6840
:100E500022F0070108431860704700BF00200240DD
:100E6000064B07491A6842F0800001F18832186089
:100E700043F80C1C43F80C2C704700BF10200240B4
:100E800023016745024B1A6842F0800018607047E2
:100E90001020024008B5FFF77DFDC307FBD408BD55
:100EA00038B50C4689B20546FFF78AFDA81C210C0F
:100EB000BDE83840FFF784BD08B5D0F8D430596A92
:100EC000884708BDFEE770470023154915485A18A2
:100ED000824204D2144C1A595A500433F5E7134B8A
:100EE0009A4203D2002042F8040BF8E7104C114A52
:100EF000944203D254F8041B8847F8E70E4C0F497C
:100F00008C4203D254F8042B9047F8E7FFF7D8FC43
:100F10000B4C0C48844203D254F8043B9847F8E742
:100F20000000002018000020C80F0008C4060020A0
:100F3000C80F0008C80F0008C80F0008C80F000835
:100F4000C80F0008C80F0008024B20F07F4018604F
:100F5000704700BF14E000E0044B00F004001A6882
:100F600022F0040140EA01021A60704710E000E03C
:100F7000024B1A6842F002001860704710E000E06F
:100F8000024B1A6822F002001860704710E000E07F
:100F9000024B1A6842F001001860704710E000E050
:100FA000024B1A6822F001001860704710E000E060
:100FB0000500000012101213121153544D33324623
:100FC000317878782C3F00000A0000000000000013
:100FD00000F000001800000000127A0000127A00F1
:100FE000FFFFFFFFFFFFFFFFFFFFFFFFFFFFFFFF11
:100FF000FFFFFFFFFFFFFFFFFFFFFFFFFFFFFFFF01
:1010000000020020C91A0008555A0008A959000812
:10101000195A0008A9590008E1590008CB1A00081C
:10102000CB1A0008CB1A0008CB1A000815A000083C
:10103000CB1A0008CB1A0008CB1A0008F1A400084C
:10104000CB1A0008CB1A0008CB1A0008CB1A0008EC
:10105000CB1A0008CB1A000891A20008BDA2000814
:10106000E9A2000815A3000841A300083581000883
:10107000498100085D8100087181000885810008B0
:1010800099810008AD810008CB1A0008CB1A00082E
:10109000CB1A0008CB1A0008CB1A00086DA3000871
:1010A000CB1A0008E9840008CB1A0008FD84000868
:1010B000CB1A0008CB1A0008CB1A0008CB1A00087C
:1010C000CB1A0008CB1A0008CB1A0008CB1A00086C
:1010D000CB1A000819880008618A00082D880008CA
:1010E000D5A30008CB1A0008CB1A0008CB1A0008B9
:1010F000CB1A0008CB1A0008CB1A0008CB1A00083C
:10110000CB1A0008CB1A0008CB1A0008CB1A00082B
:10111000CB1A0008CB1A0008CB1A0008CB1A00081B
:10112000CB1A0008CB1A0008CB1A0008CB1A00080B
:10113000CB1A0008CB1A0008CB1A0008CB1A0008FB
:10114000CB1A0008CB1A0008CB1A0008CB1A0008EB
:10115000CB1A0008CB1A0008CB1A0008CB1A0008DB
:10116000F92A0008CD460008DD5700087D7E0008FA
:1011700080F0004002E000BF81F0004142001FBF4C
:101180005FEA410392EA030F7FEA226C7FEA236C55
:101190006AD04FEA1262D2EB1363C1BFD21841404A
:1011A00048404140B8BF5B42192B88BF704710F0E0
:1011B000004F40F4000020F07F4018BF404211F083
:1011C000004F41F4000121F07F4118BF494292EAEB
:1011D000030F3FD0A2F1010241FA03FC10EB0C0017
:1011E000C3F1200301FA03F100F0004302D54942A4
:1011F00060EB4000B0F5000F13D3B0F1807F06D351
:1012000040084FEA310102F10102FE2A51D2B1F148
:10121000004F40EBC25008BF20F0010040EA03003D
:101220007047490040EB000010F4000FA2F10102EA
:10123000EDD1B0FA80FCACF1080CB2EB0C0200FA74
:101240000CF0AABF00EBC25052421843BCBFD040C2
:101250001843704792F0000F81F4000106BF80F43C
:1012600000000132013BB5E74FEA41037FEA226CFF
:1012700018BF7FEA236C21D092EA030F04D092F0CA
:10128000000F08BF0846704790EA010F1CBF0020FE
:10129000704712F07F4F04D1400028BF40F000405B
:1012A000704712F100723CBF00F50000704700F07B
:1012B000004343F0FE4040F4000070477FEA2262A2
:1012C00016BF08467FEA23630146420206BF5FEA73
:1012D000412390EA010F40F4800070474FF0000373
:1012E00004E000BF10F0004348BF40425FEA000C3A
:1012F00008BF704743F0964301464FF000001CE0E2
:1013000050EA010208BF70474FF000030AE000BF37
:1013100050EA010208BF704711F0004302D5404275
:1013200061EB41015FEA010C02BF844601460020E7
:1013300043F0B64308BFA3F18053A3F50003BCFA02
:101340008CF2083AA3EBC25310DB01FA02FC6344AF
:1013500000FA02FCC2F12002BCF1004F20FA02F2B6
:1013600043EB020008BF20F00100704702F12002A9
:1013700001FA02FCC2F1200250EA4C0021FA02F20A
:1013800043EB020008BF20EADC7070474FF0FF0C0F
:101390001CEAD0521EBF1CEAD15392EA0C0F93EA0A
:1013A0000C0F6FD01A4480EA010C400218BF5FEAAC
:1013B00041211ED04FF0006343EA501043EA51111F
:1013C000A0FB01310CF00040B1F5000F3EBF490019
:1013D00041EAD3715B0040EA010062F17F02FD2A1D
:1013E0001DD8B3F1004F40EBC25008BF20F0010000
:1013F000704790F0000F0CF0004C08BF49024CEA17
:10140000502040EA51207F3AC2BFD2F1FF0340EAA8
:10141000C250704740F400004FF00003013A5DDC19
:1014200012F1190FDCBF00F000407047C2F100025A
:10143000410021FA02F1C2F1200200FA02FC5FEA47
:10144000310040F1000053EA4C0308BF20EADC7091
:10145000704792F0000F00F0004C02BF400010F403
:10146000000F013AF9D040EA0C0093F0000F01F0B0
:10147000004C02BF490011F4000F013BF9D041EAD2
:101480000C018FE70CEAD15392EA0C0F18BF93EAD4
:101490000C0F0AD030F0004C18BF31F0004CD8D1FE
:1014A00080EA010000F00040704790F0000F17BF85
:1014B00090F0004F084691F0000F91F0004F14D0CB
:1014C00092EA0C0F01D142020FD193EA0C0F03D123
:1014D0004B0218BF084608D180EA010000F0004026
:1014E00040F0FE4040F40000704740F0FE4040F401
:1014F000400070474FF0FF0C1CEAD0521EBF1CEAA0
:10150000D15392EA0C0F93EA0C0F69D0A2EB0302BD
:1015100080EA010C49024FEA402037D04FF0805357
:1015200043EA111143EA10130CF000408B4238BF1C
:101530005B0042F17D024FF4000C8B4224BF5B1A2A
:1015400040EA0C00B3EB510F24BFA3EB510340EA78
:101550005C00B3EB910F24BFA3EB910340EA9C0026
:10156000B3EBD10F24BFA3EBD10340EADC001B0196
:1015700018BF5FEA1C1CE0D1FD2A3FF650AF8B423A
:1015800040EBC25008BF20F0010070470CF0004C47
:101590004CEA50207F32C2BFD2F1FF0340EAC25072
:1015A000704740F400004FF00003013A37E792F033
:1015B000000F00F0004C02BF400010F4000F013A91
:1015C000F9D040EA0C0093F0000F01F0004C02BF8C
:1015D000490011F4000F013BF9D041EA0C0195E7F5
:1015E0000CEAD15392EA0C0F08D142027FF47DAF8E
:1015F00093EA0C0F7FF470AF084676E793EA0C0F7E
:1016000004D14B023FF44CAF08466EE730F0004C7B
:1016100018BF31F0004CCAD130F000427FF45CAF0B
:1016200031F000437FF43CAF5FE700BF4FF0FF3C79
:1016300006E000BF4FF0010C02E000BF4FF0010CCC
:101640004DF804CD4FEA40024FEA41037FEA226C95
:1016500018BF7FEA236C11D001B052EA530C18BFB7
:1016600090EA010F58BFB2EB030088BFC81738BF1C
:101670006FEAE17018BF40F0010070477FEA226C0A
:1016800002D15FEA402C05D17FEA236CE4D15FEA06
:10169000412CE1D05DF8040B704700BF844608463A
:1016A0006146FFE70FB5FFF7C9FF002848BF10F1FB
:1016B000000F0FBD4DF808EDFFF7F4FF0CBF012040
:1016C00000205DF808FB00BF4DF808EDFFF7EAFFCA
:1016D00034BF012000205DF808FB00BF4DF808ED85
:1016E000FFF7E0FF94BF012000205DF808FB00BF7A
:1016F0004DF808EDFFF7D2FF94BF012000205DF800
:1017000008FB00BF4DF808EDFFF7C8FF34BF01200C
:1017100000205DF808FB00BF4FEA4002B2F1FE4F27
:101720000FD34FF09E03B3EB12620DD94FEA0023A3
:1017300043F0004310F0004F23FA02F018BF40427C
:1017400070474FF00000704712F1610F01D1420263
:1017500005D110F0004008BF6FF0004070474FF017
:101760000000704742000ED2B2F1FE4F0BD34FF093
:101770009E03B3EB126209D44FEA002343F0004307
:1017800023FA02F070474FF00000704712F1610F2A
:1017900001D1420202D14FF0FF3070474FF00000FC
:1017A000704700BF53B94AB9002908BF00281CBFC1
:1017B0004FF0FF314FF0FF3000F084B9ADF1080C6D
:1017C0006DE904CE00F016F8DDF804E0DDE902234F
:1017D00004B0704746F6961380EA104080EA102065
:1017E00080EA101000F00F0043FA00F000F0010052
:1017F000704700BF2DE9F0478C460446089E002B39
:101800004BD18A42154667D9B2FA82F24AB1C2F187
:10181000200701FA02F320FA07F7954047EA030C84
:1018200094404FEA154EBCFBFEF71FFA85F80EFBFD
:1018300017C307FB08F9210C41EA0343994509D96D
:10184000EB1807F1FF3180F01C81994540F21981B6
:10185000023F2B44A3EB0903B3FBFEF00EFB103356
:1018600000FB08F1A4B244EA0344A14209D92C19AF
:1018700000F1FF3380F00781A14240F20481023879
:101880002C4440EA07400027641A1EB10023D440CC
:10189000C6E900433946BDE8F0878B4209D9002EDE
:1018A00000F0EC800027C6E9000138463946BDE863
:1018B000F087B3FA83F7002F48D18B4202D38242DC
:1018C00000F2FB80841A61EB030301209C46002E8A
:1018D000E0D0C6E9004CDDE702B9FFDEB2FA82F2E1
:1018E000002A40F08F800127491B4FEA15481FFA54
:1018F00085F9B1FBF8FE08FB1E1109FB0EF04FEA5B
:10190000144C4CEA0143984207D9EB180EF1FF3111
:1019100002D2984200F2CD808E461B1AB3FBF8F03B
:1019200008FB103309FB00F9A4B244EA0344A145C3
:1019300007D92C1900F1FF3302D2A14500F2B6807D
:101940001846A4EB090440EA0E409EE7C7F12005C3
:10195000BB4022FA05FC4CEA030C21FA05F44FEADD
:101960001C4EB4FBFEF91FFA8CF80EFB194420FA4A
:1019700005F3B94009FB08FA19430B0C43EA044488
:10198000A24502FA07F200FA07F30BD91CEB040494
:1019900009F1FF3080F08880A24540F28580A9F1EE
:1019A00002096444A4EB0A04B4FBFEF00EFB1044ED
:1019B00000FB08FA89B241EA0444A24508D91CEBAD
:1019C000040400F1FF316BD2A24569D902386444A6
:1019D00040EA0940A0FB0289A4EB0A044C454146B9
:1019E000CE4654D351D0002E69D05A1A64EB0E045F
:1019F00004FA05F522FA07F3FC401D43C6E900543A
:101A0000002747E79540C2F1200321FA03F04FEA8F
:101A10001548B0FBF8F71FFA85F908FB170024FA00
:101A200003F3914007FB09FC0B43190C41EA004109
:101A30008C4504FA02F407D9691807F1FF3031D256
:101A40008C452FD9023F2944A1EB0C01B1FBF8F0E2
:101A500008FB101C00FB09FE99B241EA0C418E45BF
:101A600007D9691800F1FF3318D28E4516D902380C
:101A70002944A1EB0E0140EA07473AE737463046D2
:101A800008E70F46E6E61846FBE64345ABD2B8EB5F
:101A9000020169EB0C0201389646A4E71846E8E714
:101AA000084695E70746CFE781467BE702382C4496
:101AB00047E7AEF1020E2B442FE7384607E73746DB
:101AC000E8E600BF704700BF02E000F000F8FEE764
:101AD00072B6284880F30888274880F30988274889
:101AE0004EF60851CEF200010860022080F31488FF
:101AF000BFF36F8F08F0FCFA08F0DCFA08F054FB33
:101B00004FF055301E491B4A91423CBF41F8040B2F
:101B1000FAE71C49184A91423CBF41F8040BFAE726
:101B200019491A4A1A4B9A423EBF51F8040B42F81F
:101B3000040BF8E700201749174A91423CBF41F8CF
:101B4000040BFAE708F0BAFA08F030FB134C144D16
:101B5000AC4203DA54F8041B8847F9E700F0BCFFF5
:101B6000104C114DAC4203DA54F8041B8847F9E7D6
:101B700008F0A2BA00020020500400200010000863
:101B8000000000200002002020B2000850040020C5
:101B90008C04002090040020B8140020601100087C
:101BA0007011000870110008701100082DE9F04F45
:101BB000C1F80CD0C3689D46BDE8F08F002383F3C5
:101BC00011882846A047002007F0AAFFFEE707F08B
:101BD00085FE00DFFEE7000000220A4B1A60586312
:101BE0009A6842F001029A6010221968890705D4A8
:101BF000013AFAD11A604FF6FF707047D86C80B284
:101C0000704700BF0024014008B507F009F8074BF2
:101C10009A6942F400729A614FF4D8329B69044B7E
:101C20001A610022DA621A6308BD00BF0010024088
:101C3000002401400420FFF7CFBF00000520FFF77C
:101C4000CBBF000070470000002070474FF4805069
:101C50007047000070B50A21044604202C4A2D4B21
:101C60009269A4F88E00A4F89010C4F830229A6803
:101C7000520405D59B681B045CBF012384F8133212
:101C800094F814323BB306224FF48041224806F008
:101C9000D9FA204DFFF7B8FF204601F0CDF82846CD
:101CA00006224FF4005106F0CDFA4FF400531B4EBC
:101CB0002B6133681A49586D0268526E8A4222D1EC
:101CC0004FF48050A4F894005D6D164A2B685B6851
:101CD000934207D170BD07224FF480410E4806F0B1
:101CE000B1FAD6E7284698470028F3D095F84E3049
:101CF000022BEFD13368D86C03681B6D9847012322
:101D000084F8A83070BD9047336880B2DAE700BF2E
:101D10003413002000100140000C0140EC060020AC
:101D20004D1C0008491C000803462DE9F0410646F9
:101D300053F8FC4F00F1DC0599685868DA681C4FCD
:101D4000C6F8DC406860A960EA601C695869996956
:101D5000DA693B682C616861A961EA61D86C00248A
:101D600003681B6B984706E02A8801349847082CC3
:101D700005F1020514D03B6896F8A820D86CE1B2B2
:101D800003685B69002AEFD1B6F88820E24012F0C0
:101D90000102E9D101349847082C05F10205EAD186
:101DA0003B68BDE8F041D86C03685B6B184700BF27
:101DB000EC06002090F81322D0F83C32A2B990F83B
:101DC000FB11D0F81822002914BF7D214FF4FA71BD
:101DD0009A1A8A4207D91E49CA6882F48042CA60A8
:101DE000C0F8183270477047B0F88A2032B140F618
:101DF000B832D0F808125B1A934209D990F814321D
:101E0000134A83F001019B0743EA81331361704752
:101E100010B5044601F0A2F9B4F88A300D4AC3EBBC
:101E20000343A2FB0323B0EB531F35BF94F81432D6
:101E300094F8142283F0010282F0010339BF920763
:101E40009B039B039207024913430B6110BD00BF24
:101E5000000C01401F85EB5110B5B0F8603004460E
:101E6000DB0707D50023A0F89E30FFF7E3FEA4F8B8
:101E70009C0010BDFFF7E2FEA4F89E00FFF7DAFE1B
:101E8000A4F89C0010BD00BFF8B58278322A1BD898
:101E9000DFE802F0535F1A6B771A1A1A1A1A1A1A25
:101EA0001A1A1A1A1A1A1A1A1A1A1A1A1A1A1A1A92
:101EB0001A1A1A1A1A1A1A1A1A1A1A1A1A1A1A1A82
:101EC0001A1A1A1A1A1A1D0000231846F8BD1724E8
:101ED0002546234690F8301000F1600764F30501B1
:101EE00080F830100478C67804F03F017418AC42D2
:101EF000EADC9B1B03F03F048C4228BF0C46162CE7
:101F0000A8BF1624054680F8322080F8304080F8BB
:101F1000336007EB46016200343008F063FB0023B6
:101F2000A11C85F83130490005F1300001F02EF98F
:101F3000012385F831001846F8BD022490F83010CE
:101F4000254664F30501234680F8301000F18E0722
:101F5000C8E70E2490F83010254664F305012346A7
:101F600080F8301000F19407BCE7102490F830108E
:101F7000254664F30501234680F8301000F1DC07A4
:101F8000B0E7132490F83010254664F3050123468A
:101F900080F8301000F1B007A4E700BF0122D0F8AC
:101FA0003C3280F810221944C0F80C12704700BF70
:101FB000F8B583780446372B00F0968041D8322B51
:101FC0005BD0362B31D190F8FB3173BB0278C178EE
:101FD00002F03F028818102831DC8BB20F2B1BD87F
:101FE00092B2CAB1013AC3F10F039BB2201D92B263
:101FF00000EB42024D0000EB43004FF6FF77A31CBD
:1020000001E09A4208D033F8021FB9421CBF5E19A2
:10201000A6F8F8108342F4D1D4F83C320221C4F877
:102020000432D4F8300207F03FFA0023204604219E
:1020300040F8303F01F0AAF8012384F83100184637
:10204000F8BDC82B09D0C92BEFD1037803F03F03AB
:10205000012B59D000231846F8BD0278C37802F04E
:102060003F0299185A29F5DC00F5A270520000EBE6
:102070004300211D08F0B6FAD7E7C378172BD4D850
:1020800001A252F823F000BF652200085D2200087B
:102090004F22000831220008232200082B200008CC
:1020A0002B2000082B2000082B2000082B200008E4
:1020B000052200082B200008E52100082B2000083D
:1020C000C52100082B2000082B2000082B20000829
:1020D0002B200008AB210008992100088921000865
:1020E00077210008612100080278C37802F03F02DE
:1020F00099181029AEDC00F58E70520000EB4300F9
:10210000211D08F06FFA90E7C37890F8FA2100EBF0
:1021100043039B88A0F8F83190F8F8319A4284D0B4
:1021200000256C4F11E01369314698473B6806F172
:102130006501586CC9B2036801225B689847013594
:10214000082D94F8F83100F0B2803A68EB40D06C7A
:10215000DB07EEB20268E6D4D36831469847EEE773
:10216000037803F03F03022B7FF45FAF456801F073
:1021700033FB456559E790F84432002B7FF455AFA7
:10218000012380F8443250E78288D0F83C32A0F82E
:102190008A20C0F8083248E74E4A83881268A0F8BF
:1021A0008830D26CC2F80C313FE74FF47A738288E2
:1021B000B3FBF2F3032B38BF0323A0F88620C0F84B
:1021C000003232E745F20B6382889A427FF442AFD5
:1021D000404B1B68D86C0368DB6C9847002384F87D
:1021E000A83022E745F20B6382889A427FF432AF2F
:1021F000384B1B68D86C03681B6D9847012384F823
:10220000A83012E790F8A830002B7FF423AF43F6F4
:102210004612818891427FF412AF6421FFF7BEFE1F
:1022200003E70122838880F81222A0F86830FCE6D8
:102230008388182B42D8B0F88C20012A01D11923A9
:1022400083800122A4F8663084F81122EDE6012291
:10225000838880F81222A0F86430E6E68388A0F82C
:102260006230E2E68388D907A0F8603022D54FF4C7
:102270007A72B0F886104FF08075B2FBF1F2032A43
:102280004FF0100138BF032223F00E03A4F8603092
:102290001148124BC4F8002245605961B4F860300F
:1022A0005A067FF5C2AE012384F81332BDE684F8E6
:1022B000FA31BAE61022094B1A61EFE7B3F5C87F8D
:1022C000BFD9B0F88C20012A02BF4FF4C872134660
:1022D0008280B6E7EC06002000000140000C0140BF
:1022E0000022F8B53D4D0446D5F8A4300133C5F8B9
:1022F000A4300378477803F03F01023113F0C00F98
:1023000042704FEA410613D1042100F03FFF87429B
:1023100027D1237803F03F02162A0ED89B0925D037
:10232000012B3CD12046FFF743FE002842D0F8BDE8
:10233000314600F02BFFB842EBD040232046042169
:1023400040F8303F00F022FF84F83100D5F8A0209B
:1023500095F8A93001320133C5F8A02085F8A930DD
:10236000F8BD3146204600F011FFE4E72046FFF7B4
:102370008BFD0028DBD180232046042140F8303F2C
:1023800000F004FF84F83100D5F8A02095F8AB30B8
:1023900001320133C5F8A02085F8AB30F8BDD5F87F
:1023A000A02095F8AA3001320133C5F8A02085F8A5
:1023B000AA30F8BD80232046042140F8303F00F0C9
:1023C000E5FE84F83100D5F8A02095F8AC30013254
:1023D0000133C5F8A02085F8AC30F8BD900400208A
:1023E00070B52023044683F311880E2381682E4D97
:1023F0004A69284622F0C0024A616169A2684968B8
:102400001668566852680A6822F00F020A6061690D
:102410004A7B096803FA02F24A60A26951680A68B5
:1024200022F00F020A60A269517B12688B40536050
:10243000FFF756FF3021636968185B680022DD6092
:1024400063695B6859606169E368496843F08203C6
:102450000B60636959680B6843F001030B60A16866
:102460004B6943F040034B61A3695B68D86095F802
:102470003030A16903F03F03496802335B004B60D1
:10248000A1692369496843F092030B60A369596805
:102490000B6843F001030B60A1684B6943F08003B4
:1024A0004B6182F3118870BD9004002040F20F113F
:1024B00070B4826883B0126892B2ADF80620BDF89D
:1024C0000620114206D1BDF80630DB0659D403B010
:1024D00070BC70470346202282F311886FF4807429
:1024E0000E218068294A04609D683024E86840F025
:1024F0000100E860D2F8A05092F8AD00013501303B
:10250000C2F8A05082F8AD009D68686920F0C00054
:1025100068615D6998686D68066846684068286803
:1025200020F00F0028605D69687B2D6801FA00F0DB
:10253000686098694568286820F00F0028609869ED
:10254000457B0068A9404160596900204968CA601C
:102550005A69526854605969DA68496842F08202DF
:102560000A605A6951680A6842F001020A609A6872
:10257000536943F04003536180F3118803B070BC8A
:10258000704703B070BCFFF72BBF00BF9004002062
:1025900070B5064600200A4C0A4D82B0042254F859
:1025A000043B0DEB0201019300F012FEAC42F5D1A9
:1025B000030CA6F87600A6F8783002B070BD00BF14
:1025C000001000080000010838B5134D00242B68E6
:1025D000986C03681B6898472B68D86C03681B6865
:1025E00098472B68E1B2D86C01340368DB689847E0
:1025F0000E2CF6D10948FFF72DFB0848FFF7C8FF5E
:102600000749084806F014FEBDE83840034A302167
:10261000044806F01BBE00BFEC060020900400201A
:1026200050040020D0120020D0F83C22D0F81C32F8
:10263000D31A632B3DD910B5334BC0F81C229B68CD
:102640000446990690F8A8201BD40023C4F8203231
:10265000002A4FF6FF7308BF4FF4AA4394F82422D0
:10266000013202F00F0284F82422D340DA435B07E0
:10267000520302F4005203F00053234913430B6149
:1026800010BDB0F86230AAB113F40063DDD1D0F808
:10269000202201320A2AC0F8202220D11B4A84F8C5
:1026A000A8301368D86C0368DB6C984794F8A820AE
:1026B000CEE77047DB04C8D4D0F8203201330A2BB0
:1026C000C0F8203215D10122104B84F8A8201B68D5
:1026D000D86C03681B6D984794F8A820B8E790F869
:1026E00024224FF6FF73013202F00F0280F82422F9
:1026F000BBE790F824224FF4AA43013202F00F0204
:1027000080F82422B1E700BF000C0140EC06002055
:1027100070B5B0F860300446DA0602D590F82C2285
:102720004AB39B0626D594F82D321BBB0123204DBE
:10273000B4F8642084F82D322B6862B3D86C4FF45F
:10274000FA6203684FF47A715B6D98472B68B4F8AE
:102750006410D86C04220368D3F8803098472B6843
:10276000B4F86820D86CB4F864100368BDE8704011
:102770005B68184770BD01220D4B80F82C221B6846
:102780000222D86CB4F864100368D3F880309847FC
:10279000B4F86030C5E7FF214FF4FA62A4F8641082
:1027A000A4F86820D86C03685B6898472B68C5E775
:1027B000EC06002090F8A82000F1FC0300F58E71D3
:1027C0003AB91A8002338B42FAD190F8F631ABB99C
:1027D000704710B41C8C023323F8024C8B4205D096
:1027E000002AF7D11A8002338B42F9D190F8F631E2
:1027F0000BB910BC704710BC00F042BA00F040BAF0
:1028000070B5494D04462B68986C01F09BFC2B6811
:10281000986C03689B689847002858D1D4F83C32DC
:10282000D4F8D8209B1AC82B82BF94F8B13060F33B
:10283000410384F8B13094F812325BB12B68B4F8DC
:102840006820D86CB4F8641003685B68984700236C
:1028500084F8123294F8113253B12B68B4F8661030
:10286000D86C0368D3F88C309847002384F8113271
:1028700094F8F62194F8FB311AB394F9F221002A66
:102880001FDD94F8B11089071BD5102A19DC40F21E
:10289000D56104EB4202B2F8B2208A4294BF002014
:1028A0000120984284F8FB0110D08A4202D92046C8
:1028B000FFF780FFD4F830020221BDE8704006F037
:1028C0001DBE002284F8FB21002BF3D170BD00F067
:1028D00083FF2B680646986C0368DB68984794F87A
:1028E000B1302A6843F0020384F8B00084F8B130B4
:1028F000906C04F1B401036810225B699847D4F826
:102900003C323046C4F8D830337884F8B23000F026
:102910009BFDA4F8D40096F8402094F8B13062F3FF
:10292000000384F8B13086E7EC06002070B5054658
:1029300000240C4E95F8F83104F16501E34013F0E2
:10294000010FC9B209D0336895F8F921586CE240FB
:10295000036802F001021B6998470134082CE9D191
:1029600070BD00BFEC06002070B5002104464FF09A
:10297000FF3006F0CFFD064603F078F8D4F8403279
:1029800094F8102201330546C4F83C02C4F84032E2
:1029900022B1D4F80C32984200F28880B20794F841
:1029A000A83003D494F834229A4209D0003318BFD7
:1029B0000123204684F83432FFF7B6F9D4F83C52AC
:1029C000B4F86030C4F89850DB0703D594F8A83009
:1029D000002B5CD1D4F80432EB1AC82B33D9D4F8CD
:1029E0004C32EB1A0A2B47D84FF00042344B1A6195
:1029F000D4F83832EB1A322B30D8D4F82832AB4224
:102A000020D02046C4F82852FFF7D4F92046FFF71B
:102A1000F7FE2046FFF708FE2046FFF779FE204626
:102A200000F038FA274B284A1B68D86C0368DB6E25
:102A3000934243D194F84432B3B92046BDE8704084
:102A4000FFF774BF70BD4FF400421D4BC4F84C52E9
:102A50001A61D4F83832EB1A322BCED9C4F8385276
:102A60002046FFF7F9F9C8E7204600F0D1FA2046E2
:102A7000BDE87040FFF75ABF2046FFF79BFE0221DA
:102A8000D4F8300206F03AFDC4F84C52ACE7D4F862
:102A9000FC31D4F80022EB1A93429BD3C4F8FC51CA
:102AA000102104F1DC0000F0B1F993E7054B01219E
:102AB0001B68186D03689B6B9847FEE79847B9E75A
:102AC000000C0140EC060020451C00080148FFF7FF
:102AD0004BBF00BF90040020054B10B51B680A4691
:102AE0001C68014624681846024BA047002010BD10
:102AF000EC060020E0060020C82208B5114B322168
:102B0000A3F8682042F21072A3F86C204822A3F8C0
:102B100086204FF6FF72A3F88A200122A3F86610E0
:102B2000A3F88C20A3F8401183F8142201F0BEFD15
:102B3000054B064A186006490648BDE8084000F003
:102B4000DBBA00BF90040020EC060020CD2A00086C
:102B5000C9250008E006002030B5431800EB41010C
:102B600093F8DC41B1F8D43193420FD2B1F8CC5193
:102B7000AB420BD041F29410D21A5043EB1A90FBA7
:102B8000F3F000B20CB1404200B230BD934209D91B
:102B9000B1F8C4118B4205D041F29410D21A5043BF
:102BA0005B1AECE70020EDE710B5431800EB41009D
:102BB00093F8DC41B0F8CC3193420FD3B0F8C41194
:102BC00091420ED84FF47A70521A50435B1A90FB20
:102BD000F3F000B20CB1404200B210BD4FF47A7075
:102BE000F8E70148F6E700BF18FCFFFF70B50446A0
:102BF000631893F8B4310D4610460BB1504200B241
:102C00000E4E41F29412314600F0A0FA6D002C44B1
:102C1000021EB4F884310ADDB4F86401C01A5043CE
:102C200041F2941290FBF2F0184480B270BDB4F8F7
:102C30004401C01A504390FBF6F0F5E76CEEFFFF3D
:102C400070B50446631893F8B4610D461046002130
:102C50004FF47A7200F07AFA16B1C0F57A7000B2C9
:102C600004EB4504B4F84431B4F86421D21A50435B
:102C70004FF47A7290FBF2F0184480B270BD0000FD
:102C8000F7B5002490F8B13007469B07CDE9004422
:102C90001AD500F5F67515F8013BE1B2013BDBB240
:102CA0000F2B0ED807EB4303022CB3F8B4202AD124
:102CB00097F8F3313BBB21463846FFF775FFADF877
:102CC00004000134042CE6D100254FF47A76B7F8DD
:102CD000F421E9B2EA4012F0010265D17C1994F8BE
:102CE000A431192B2AD8182B15D2102B78D018D82C
:102CF000032B0ED8022B6ED2012B55D00135102D8F
:102D0000E5D103B0F0BD3846FFF726FF2DF81400DB
:102D1000D7E7042BF2D1BDF900203846FFF766FF54
:102D20005CE0142B05D8132B4FD2112B25D0122B7E
:102D3000F0E7152BE2D1BDF90620EEE74A2B15D8B6
:102D4000492B07D2422B03D8332B34D21A2BF1E76D
:102D5000462BD3D197F8F331BDF904202C443846E3
:102D6000B3B3FFF743FFA4F8FC00C7E74F2B3DD0F8
:102D70000FD84D2B34D04E2BC0D1BDF90020BDF95A
:102D800002301344B7F8F0215A4392FBF6F212B224
:102D9000C3E7562B24D0572BEFD0502BAED1BDF923
:102DA0000220BDF906301FE007EB4503B3F8B4205D
:102DB000A3F8FC20A2E7333BDBB207EB4303B3F8F5
:102DC000B4302C44A4F8FC3098E7BDF90220A4E705
:102DD000FFF736FFC7E73846FFF732FF2C44C2E75C
:102DE000BDF90220BDF90030D31ACBE7BDF90620AA
:102DF000C5E7000038B50446256802F037FE854275
:102E0000FAD002F033FE206038BD000000B5084B58
:102E100089B01B7843B901AA01F08EF80548192240
:102E2000036801A95B68984709B05DF804FB00BF1F
:102E3000F00600203012002010B5114C1149124844
:102E400006F0AEF91149204606F0AAF9022210490F
:102E50002023201D06F008FB00F0BEFC438843F051
:102E60000403438000F0B8FC438843F00803438028
:102E700000F0B2FC438843F48063438010BD00BF80
:102E8000301200205CA600089011002070A60008F7
:102E9000F40600202DE9F04F87B0814602F0E6FDF0
:102EA000044600F099FC2146804600F06FFA4F4D31
:102EB00008B100232B702B78012B2DD84C48102201
:102EC000036802A91E6A0023B047074620B3494B96
:102ED00010281E7828BF1027F6B9474B4FF0010B7A
:102EE0009A461A683A441A60F3B29F4214D906AA65
:102EF000134413F8101C4FF4E132404600F066FB17
:102F000040B121464046CAF8104000F03FFA08B9E7
:102F100085F800B00136E7E72B7813F0FD033FD1C9
:102F2000364802A90268166A1022B04707460028F0
:102F300036D0304B304E1A78019342B3102F28BF51
:102F400010274FF0000A4FF0020B73683B44736088
:102F50005FFA8AF2974223D906AB9918019B11F8C0
:102F6000101C1A78264B002A0CBF1A464FF4E13287
:102F7000404600F02BFB38B121464046346100F05A
:102F800005FA08B985F800B00AF1010AE0E71D4822
:102F900006F07EFA8306D1D5B368F0600133B360E2
:102FA0002B78FBB9144B1A69A21AB2F5FA6F1A46BC
:102FB00018D9104DB9F860102B78012B01D0C90732
:102FC00010D483F001030D4814612B7006F0F6F85D
:102FD00029780D4A0D4B094800290CBF11461946A6
:102FE00006F0DEF807B0BDE8F08F00BF080700204C
:102FF00090110020F00600200C0700203012002065
:10300000A0860100F406002070A600085CA6000857
:103010002DE9F34190F84422D0F83C32013A0446BD
:103020000193032A5DD8DFE802F002212F512E4DD3
:10303000062228464FF4005105F004F94FF00053E2
:10304000A5F50065C5F8103806224FF480612846C2
:1030500005F0F8F84FF480632B61022384F84432C2
:10306000019BC4F8483202B0BDE8F081D0F8482294
:103070009A1AB2F5FA7FF6D34FF400511A4A116149
:10308000032280F84422ECE7D0F848229B1A472B11
:10309000E9D901A8FFF7AEFE09254FF080684FF48B
:1030A0008067124E01A8FFF7A5FE013DC6F810800B
:1030B00001A8FFF79FFE15F0FF053761F2D1019BD4
:1030C000C4F84832042384F84432CCE7D0F84822CC
:1030D0009B1A312BC7D902224FF48061034805F0B7
:1030E000B1F80023EFE700BF0010014000080140E5
:1030F000436818478368184710B5024C8260C0E9DE
:10310000004110BD8CA600080A4630B50A4C85B0B7
:10311000051D61682068092A01AB03C388BF002030
:10312000218919809FBF04ABD21812F80C3C55F8C6
:10313000230005B030BD00BF50A60008884203D36D
:103140009042014628BF114608467047884203DB7B
:1031500090420146A8BF11460846704749F26900EF
:1031600008490B689AB21B0C00FB02330B6044F257
:103170005061054A136898B21B0C01FB00301060C7
:1031800080B270477C04002078040020002310B532
:10319000054A0144884204D010F8014B6340D35CD7
:1031A000F8E7184610BD00BF94A60008082341F2B6
:1031B000210280EA012010F4004F03F1FF334FEAAF
:1031C000400018BF50409BB280B2002BF3D1704733
:1031D00030B5094D0A4491420DD011F8013B5840D9
:1031E000082340F30004013B2C4013F0FF0384EA62
:1031F0005000F6D1EFE730BD2083B8ED0246002342
:1032000010B5141AE4B2A14206D912F8014B2344B6
:1032100003EB1323DBB2F4E7C3F1FF00C0B210BD30
:10322000F8B50546002700F1080400F1380654F807
:10323000040B20B103685B68984744F8047CB442EF
:10324000F5D12846F8BD0000012303FA00F040F64E
:103250001D53184214BF01200020704738B50446A2
:10326000642002F077FC054620B1214600F0E0FA28
:10327000404B2B60A560842002F06CFC054610B129
:10328000214603F049FAE560802002F063FC054620
:1032900020B1394B0122214603F03EFB2561AC20D1
:1032A00002F058FC054658B1214600F0C1FA284604
:1032B000324B002240F8903B4FF4E13103F02CFFF9
:1032C000A561B02002F046FC0546B0B1214600F0F1
:1032D000AFFA2B4B00222B60012385F83E2085F8A6
:1032E0008920A5F88A2085F88C3085F88D204FF448
:1032F000E13105F1940003F00FFFE561B82002F021
:1033000029FC0546A8B1214600F092FA28461D4B3B
:103310002822002140F8683B07F070F900224FF4A2
:10332000E131C5E92422A5F8982005F19C0003F0BD
:10333000F3FE2562A42002F00DFC054668B121468B
:1033400000F076FA0022104B85F83E202B604FF4F7
:10335000E13105F1880003F0DFFEE562942002F020
:10336000F9FB054618B10122214600F0EBFC25636C
:1033700038BD00BF30AD0008A0860100ECA70008F2
:10338000D0AD000880AD0008A8AD000803780C2B74
:1033900006D1C06B081AC72894BF002001207047CF
:1033A0000020704770B503780E460C2B0ED1C36B0E
:1033B00063B900F1080500F1380455F8040B18B1A1
:1033C000036831461B699847A542F6D170BD0000DD
:1033D00070B50C4605460B6801795B6E2046984730
:1033E000236820469B6E697998472368AA79D3E9B8
:1033F000156320467AB1984740F0010189B2204612
:10340000B04723682968DE6A80232046B446BDE8B9
:1034100070401A46604798474FF6FE710140EEE74C
:1034200003780C2B04D0023350F8230000F01ABAB2
:103430000020704703780C2B04D0023350F823008F
:1034400000F014BA7047000003780C2B1DBF023344
:1034500050F82330B3F93A004FF0FF3070470000C6
:1034600003780C2B1DBF023350F82330B3F93C0016
:103470004FF0FF307047000038B500F1080500F14B
:10348000380455F8040B10B103685B699847A542EE
:10349000F7D138BD436D012013F0010F05D1014470
:1034A0008840184214BF0120002070472DE9F74FD3
:1034B00004469246894602F0D9FA0146074620465C
:1034C000FFF764FF217802460C2905D02046FFF75C
:1034D000E1FF08B90C23237023780C2B1BD025792E
:1034E0001DB1C2B903B0BDE8F08FAAB9023354F8D8
:1034F00023005246036849469B6898472378023365
:1035000054F8230000F0A4F90028EBD00123E7636E
:1035100084F83830E6E7002563885FFA85F8EB40E9
:10352000DB0737D404EB850BDBF80860002E31D0C5
:1035300041462046FFF7AEFF60B333695246009321
:10354000B36849460193336830469B689847DBF877
:103550000820009B11698B421CD24046FFF774FE85
:1035600008B1022916D99368019A00209B1A18BF46
:10357000012384F83830234604F1380103F8088B1E
:1035800053F8042B02B110618B42F9D10023E76399
:103590002371A7E701350C2DBED1A3E7F8B51F466F
:1035A000D3070646154610D401F108046DB154E95D
:1035B000021217B10B4611461A46521A3046023D06
:1035C000FFF774FFADB20834F0E7F8BD2DE9F04F16
:1035D00085B0044693468A4602F048FA0146814681
:1035E0002046FFF7D3FE217802460C2905D020465D
:1035F000FFF750FF08B90C23237023780C2B1ED043
:10360000267916B9DAB9002615E0C2B9023354F8A2
:1036100023005A4603685146DB68984723780233F3
:1036200054F8230000F014F928B10123064684F869
:103630003830C4F83C90304605B0BDE8F08F002526
:1036400004F10803039304F1040858F8047F002FE1
:1036500039D029462046FFF71DFF0646002832D004
:103660003B695A460193BB68514602933B68384612
:10367000DB689847D8F80020019B11698B4222D261
:103680002846FFF7E1FD08B102291CD99368029A88
:1036900000219B1A18BF012384F8383001232371BD
:1036A000039B2570C4F83C90383453F8042B02B1C6
:1036B00011619C42F9D1064B00211B68986C03688C
:1036C0009B6A9847B7E70135EDB20C2DBDD19AE75B
:1036D000EC0600202DE9F843436C0446002B4FD044
:1036E00002F0C4F9014605462046FFF74FFE0746A3
:1036F00010B92379002B43D094F848302A4E63B98F
:10370000012384F8483002F0B1F9E06494F85000E5
:10371000616C06EBC000FFF75BFE94F8503020466A
:1037200056F8338000264146FFF73CFE606C036884
:103730001B699847FF2828BFFF208146F3B29945AF
:103740000CD9606C03685B699847011E04DB424634
:10375000C9B22046FFF73AFF0136EFE797B1E36CB5
:10376000ED1AB5F57A7F0BD994F850300133DBB2FE
:10377000042B88BF002384F85030002384F848309D
:10378000BDE8F88323780C2BFAD0023354F82300D9
:103790000368DB6998470028F2D1E36CED1AB5F5B0
:1037A0007A7FEAD8ECE700BF94A70008002370B541
:1037B000044690F8386080F83830FFF78BFF04F14A
:1037C0000805383455F8040B10B103689B69984715
:1037D000A542F7D1304670BD08B5074B1A68D2072D
:1037E00008D40C2205480649027001221A60054AD5
:1037F00006F086FE014808BD2007002024070020AF
:1038000021320008040F00207047000070470000BC
:1038100070470000704700007047000070470000CC
:103820000120704710B5044602F09AF9204610BDF9
:10383000064AC0E900210022C0E9022280F83820AF
:103840004FF6FF7242878287704700BFC4A7000807
:103850000346D0E902218A4216BF01200020DA6027
:103860007047000090F8380070470000122A0B469D
:1038700028BF122200F114015200184606F0B2BE11
:103880001229A8BF122170B5044610461E460D46E7
:103890004A00014604F1140006F0A4FE226984F8EF
:1038A000385001322261626882F84060A3680133B7
:1038B000A360BDF910306387BDF91430A38770BDD4
:1038C0000B20F0B5D20800FB0212BDF81460BDF861
:1038D0001850BDF81C40914203F1100377D04F7887
:1038E000087807F0070740EA0720704390FBF5F0DF
:1038F000204423F8100C88784F7800F03F004001F6
:1039000040EAD700704390FBF5F0204423F80E0CFA
:10391000C8788F78800040EA97100F790B3107F054
:10392000010740EA8720704390FBF5F0204423F81C
:103930000C0C11F8060C11F8077C00F00F00C00108
:1039400040EA5700704390FBF5F0204423F80A0C3E
:1039500011F8050C11F8067C00F07F00000140EA28
:103960001710704390FBF5F0204423F8080C11F871
:10397000040C11F8057C400040EAD71011F8037CD4
:1039800007F0030740EA4720704390FBF5F020441E
:1039900023F8060C11F8020C11F8037C00F01F004C
:1039A000800140EA9700704390FBF5F0204423F833
:1039B000040C11F8010C11F8027CC00040EA571009
:1039C000704390FBF5F0204423F8020C83E7F0BD30
:1039D00070470000012380F84C30704770470000AA
:1039E0007047000010B5044602F0BAF8204610BD3A
:1039F000F0B500244FF6FF770126944219D0013428
:103A000001EB44035B7811F8145043EA0523BB42F1
:103A1000F3D0C3F3832506FA05FC056CC3F3C32377
:103A200045EA0C050564456C06FA03F32B43436431
:103A3000E3E7836C5A1C042B826416D9D0E9105634
:103A400000231A4619460E4F57F821400131A5426E
:103A500008BF0132B44208BF01330C29F4D1012B55
:103A600004D142B90B2380F83E30F0BD012A02D1C7
:103A70000BB90A23F7E70023C0E910338364F2E7A8
:103A80000CA800084FF6FF7081420CD041FA02F0FA
:103A900000F00F001860012000FA02F2009B013ACA
:103AA0000A401A6070470020704700002DE9F04F6F
:103AB0009846D0F8843085B0CB1AC82B04461546FA
:103AC0000E9FBDF83C9008D990F83E302BB10023F2
:103AD000C0E91033836480F83E30C4F88410EB688A
:103AE00003F0F013B3F1E01F49D195F90230002B38
:103AF000B4BF0722052294F83E60002E41D04FF457
:103B00007A7B05EB42060DF10C0AA878E97894F867
:103B10003E2041EA0021CDF800A002AB2046FFF78D
:103B2000B1FF10B3029A91451FD940F2A4613B88BE
:103B30009A4224BF531C3B8094F83E300A2B02BFAC
:103B4000039B5B000393039B012AA3F580630BFB9C
:103B500003F393FBF1F303F2DC5303931CD018D36C
:103B6000022A1BD0029A28F812300235B542CCD175
:103B70003B8801200D2B04BF0C233B8006E007226D
:103B8000B9E720462946FFF733FF304605B0BDE8C8
:103B9000F08F02220292E5E70022FBE70122F9E71B
:103BA000F7B51E4690F880300446102B01BF002365
:103BB00080F8803080F88130036190F880300D46C5
:103BC000102B01BF002380F8813080F88030036122
:103BD00090F8810018B1012811D000200BE0D4F832
:103BE0008830CB1A042BF8D9012384F8702084F88C
:103BF000813084F88030C4F8885003B0F0BDD4F828
:103C0000881094F88030691A042906D92BB1002055
:103C100084F8800084F88100EDE7591CC9B2234480
:103C20000F2984F8801083F87020D6D94FF47A7267
:103C300004F1700700913B466A4304212046FFF7D8
:103C4000C7FEBDF824303A46019304F18C0300937B
:103C5000294633462046FFF729FF002384F88030A9
:103C600018B984F881002061C5E7B4F88C20089B5E
:103C70001A80C0E7F0B500F1580604468C4633467A
:103C80008BB004AF00F1700E3D46186859680833D8
:103C900003C573452F46F7D10C2301930DF10E0395
:103CA0000093614604AB2046FFF77AFFC8B1354662
:103CB00004AB0AAF1A4603CABA42286069601346C9
:103CC00005F10805F6D1BDF80E10042909D94FF009
:103CD000FF333246CDE90033C9B200232046FFF757
:103CE000CFFD0BB0F0BD000013B504460DF1070386
:103CF000903003F02BFA50B14FF47A73D4F8A0103F
:103D00009DF80720B1FBF3F12046FFF7B3FF02B0A7
:103D100010BD0000B2F5E13F38B504460D4608D1AC
:103D200001F0A4FE2A4601462046BDE83840FFF7D0
:103D3000A1BF38BD7047000010B5044601F010FF68
:103D4000204610BD38B504461546FFF771FD2046E4
:103D5000084B002240F8403B4FF4E13103F0DCF91E
:103D6000002384F8885084F8893084F89230204603
:103D700038BD00BF44A800084FF4C86340F26B325E
:103D800070B58CB0CDE901324FF47A730D46102234
:103D90000331009304AB0646FFF792FDA87EFDF7C2
:103DA000A1FA0E49FDF7F2FA6C7E0D49C4F3C00486
:103DB0000546FDF789FC00B9094D4FF0FF33284651
:103DC0000193FDF7CFFCC0B20090234604AA102156
:103DD0003046FFF755FD0CB070BD00BF3333A34034
:103DE00000007F4308B510F8611F0231C9B2FFF728
:103DF00005FAB0FA80F0400908BD000037B5D0F8E8
:103E000080300446CB1AB3F5FA6FC0F880100FD398
:103E100000237E2A80F87D3080F884300ED194F81B
:103E200084306BB97D2A10D1012384F8843005E0F9
:103E30007E2AF4D090F87D30002BF0D103B030BD55
:103E4000002382F0200284F8843094F87D00431C23
:103E5000DBB22044022B84F87D3080F8602005D14D
:103E600094F86120192A0AD0082A07E0032B06D10A
:103E700094F86220EAB994F86120192A15D194F8CF
:103E8000622004F16005CAB91D2BD7D100930A4600
:103E900020462B460A21FFF79BFD2046FFF7A2FF95
:103EA00018B129462046FFF767FF002384F87D30CC
:103EB000BBE7012AF9D194F86120D5E7012A0CD19A
:103EC0000C2B0AD100930A4620462B460A21FFF705
:103ED0007FFD2046FFF786FFE7E71D2BE5D0ADE726
:103EE00013B5436804465B6C9BB990F888301BB1EE
:103EF000C36DC2650A4619460DF1070304F140007F
:103F000003F024F928B19DF80720216D2046FFF722
:103F100075FF02B010BD0000B2F5E13F38B50446B0
:103F20000D4608D101F0A0FD2A4601462046BDE815
:103F30003840FFF763BF38BD2DE9F74F91460D4676
:103F4000044619220021484606F058FB102D4FF078
:103F50000F03A8BF10254FF0000B4FF0010A40F2ED
:103F6000FF772C4EDFF8B08089F8003004EB450570
:103F7000AC424CD034F8023B18460193FDF7B2F93D
:103F80003146FDF7BFFB00283FD0019B1846FDF7E7
:103F9000A5F9FDF7E7FB80B2FDF7A4F93146FDF77F
:103FA000EBF84146FDF7F2F9FDF7DCFB80B2B842D1
:103FB00028BF38464FEADB039A44C3EB43135FFA4A
:103FC0008AFA0BEBC303DBB219F80A2000FA03F1FB
:103FD0000A4309F80A200AF1010119F801C0C3F1E6
:103FE000080240FA02F242EA0C0209F80120C3F189
:103FF00010020AF10201104119F801200B330243AB
:1040000009F801205FFA83FBB2E73046C1E703B04D
:10401000BDE8F08F00005C442771CD3F7047000081
:10402000B0F94C0070470000B0F94E007047000036
:10403000806D704790F8543013B190F8300070479D
:104040001846704713B50446FFF7C6FBFFF706F99D
:10405000002201230092064904F1640000F006F9F1
:10406000012384F8603084F8543002B010BD00BFE2
:104070002411002080F8601011B9643000F064B998
:104080007047000008B5FFF7A7FBFFF7F5F901201F
:1040900008BD000037B590F854500446A5B100F1B2
:1040A0003401502201A801F013FED4E90A010023D3
:1040B000226D994208BF9042C4E90A2301A814BFA7
:1040C0000125002501F020FE284603B030BD000088
:1040D00073B590F8544005460E4694B190F83030D0
:1040E000122BA8BF122399420EDA00F1340170227C
:1040F00001A801F0EDFD05EB460501A8AC8801F033
:1041000003FE204602B070BD0024FAE773B590F8B4
:10411000544005460E468CB1122A28BF122214467E
:1041200000F13401862201A801F0D2FD6200291DB0
:10413000304606F057FA01A801F0E6FD204602B02D
:1041400070BD0000F7B590F854300446002B46D0FF
:10415000FFF742FB94F860300546CBB1002701A978
:10416000D4F8B800019701F05BFF014680B1019ED1
:10417000072E0DD9F6087200284692B294F8C03086
:10418000FFF70CFAF100D4F8B80001F0C9FEE6E739
:104190002846FFF70BFB10B3BE2204F1340101A83F
:1041A00001F096FD01F060FC20652846FFF738F924
:1041B0001228A8BF1220C2B284F83020211D284640
:1041C000FFF738F92846FFF73FF9A4F84C002846D6
:1041D000FFF746F9A4F84E0001A801F095FD03B0E1
:1041E000F0BD000038B50546044655F8040B202103
:1041F00005F0B4FE2A46236803F1200153F8040BAE
:104200008B4242F8040BF9D1A36A5A68136823F071
:104210000F031360A36A1A68597B0E238B40536007
:10422000A36A5A68236DDB684C339360A36A2268E3
:104230005B68DA600822A36A5B685A60A36AE26A74
:104240005B681A60A36A5A68136843F0010313603D
:10425000606D01F04BFE1F2806D92946606D2022B3
:10426000BDE8384001F0BABE38BD0000012AF8B5FB
:1042700004460E4615461F4601D90020F8BD2F4BB7
:1042800000221B682021586D03681B6D9847206031
:104290000028F2D02665202383F31188284A23467C
:1042A0000C21384603F0E4FE0023A06283F311885A
:1042B000A26A5168F2684C328A6040F68A22E26251
:1042C000A26A21685268D1600821A26A52685160CE
:1042D000A26AE16A526811601A4AC4E90E33236483
:1042E000626384F8445001230DBB4FF4007284F8DC
:1042F0003050A26484F85C3004F13001206D04F089
:10430000FFFC40F20D12236D2946DB689A64A36A14
:104310005A68136843F001031360236D0222D868C2
:1043200005F0E0FD206D04F0F9FC0120A6E784F81B
:1043300030304FF48063A364DEE700BFEC0600205A
:10434000E541000840420F0010B50446006D04F03E
:10435000F3FCA36A5A68136823F00F031360A36A7F
:10436000597B1A680E238B40536010BD70470000C4
:1043700070470000002070470020704713B56B465F
:1043800083E8060000F1140493E8030084E80500C4
:1043900002B010BD0020704713B56B4683E80600DD
:1043A00000F10C0493E8030084E8050002B010BD9E
:1043B0000023C0E90333704782B002AB03E9060073
:1043C00002B070477047000000207047704700003F
:1043D00000207047002070477047000000207047A1
:1043E0000020704782B002A901E90C0002B07047BA
:1043F0000F2070470F207047012070477047000062
:10440000002070477047000070470000012070478F
:10441000012070470120704728307047002082B08B
:1044200002A901E90C0002B07047000000207047AB
:104430000020704700207047002070470020704720
:104440007047000000207047704700007047000070
:1044500038B5084B0446036090F8BC3043B9D0F837
:10446000B8502DB1284601F019FD284601F078FB1F
:10447000204638BD6CA8000810B50446302001F075
:1044800069FB70B1002302220371C0E90333C0E964
:104490000533037A62F302030372034B0360034B99
:1044A00083622060204610BD34A9000824AC0008B7
:1044B0000022026070470000002202607047000086
:1044C00010B5044B04460360406A08B101F04EFB8E
:1044D000204610BDA0A8000810B50446FFF7F0FF65
:1044E000204601F03DFB204610BD00001C4A10B5DF
:1044F00082601C4A0446C2601B4A1C4B02611C4A73
:10450000036042611B4A1C4B82611C4A4360C261CA
:104510001B4A02621B4A42621B4A82621B4AC262F7
:104520001B4A0263002242631A4A82631A4AC0E9A4
:104530000F231A4B43641A4B83641A4BC3641A4B00
:1045400003651A4B43651A4B83651A4BC3651A4BB7
:10455000036601F081FA194B2046236010BD00BFAD
:10456000780900208009002088090020F4A80008AC
:10457000900900209809002070090020A00900205F
:10458000A8090020B0090020B8090020680A00200E
:104590006C0A0020680B0020640A002080070020BD
:1045A0008807002058080020700A0020C009002059
:1045B00084040020800400206C0B0020DCA900088B
:1045C00008B5202383F31188074B1B689A68596B41
:1045D0008A4201D0824200D29860586305F074F993
:1045E000002383F3118808BD50080020254D264E76
:1045F0002B60B269254B80B5B4201A6005F096FA9D
:1046000005F0AAFC224B00211F683846FEF77CFD0E
:1046100003684FF4E1315B6A9847B86B03681B6825
:104620009847386D03681B6898470A20FFF7C8FF52
:1046300005F0DAFC40B11321164805F0E5FC4C22E8
:104640001449881805F0CEFF0123134C2868A37382
:1046500003681B68984705F093FC204602F09AFF18
:10466000386D03681B6B9847B3690C4AB4209A6194
:1046700005F05CFA286803685B689847204602F0FA
:1046800089FFF7E754080020341300205008002069
:10469000EC060020C4090020700A0020C8A9000808
:1046A000014B1868704700BF5008002010B5054C3A
:1046B0002368DB0704D40448FFF718FF01232360B5
:1046C000014810BD7C070020700B002038B53C4825
:1046D00002F014F83B4802F011F83B4802F00EF8E3
:1046E0003A4802F00BF83A4802F008F8394802F06C
:1046F00005F8394802F002F8384801F0FFFF384861
:1047000001F0FCFF374801F0F9FF374B374A3848D2
:104710001A60384B384A394C1A6001F057FF384854
:1047200001F088FF374803F0CFFA2046364B2422A9
:1047300040F8043B002105F061FF04F1340002F071
:10474000C9FF4FF0FF33E3640023C4E92D33012395
:10475000142084F8BC3001F0FDF9054618B14FF47F
:10476000816101F089FBC4F8B8500025274A284927
:1047700084F8BC50214805F0C3FE264C3023204667
:104780002371254B40F8103B02F0A4FF4FF4C8738F
:10479000C4F8A83001231D4A2049204684F800317E
:1047A00005F0AEFE1E4802F095FE184A1D491C4851
:1047B00005F0A6FE1C4B1D4A83F89C501A6038BDBC
:1047C0007009002078090020800900208809002055
:1047D0009009002098090020A0090020A8090020C5
:1047E000B0090020B8090020680A002000A90008CC
:1047F000680B00206C0A002094A90008880700209C
:10480000640A0020800700206CA80008040F002024
:10481000514400085808002060AA000849440008D4
:10482000700A00204D440008C0090020E0AF0008D5
:10483000704700007047000000207047704700007C
:104840007047000070470000002070470048704724
:104850000000C84270470000704700007047000029
:10486000002070477047000070470000002070472C
:10487000704700000187428770470000038F0B805C
:10488000438F01201380704770B50546048F08469A
:10489000FCF724FD06462046FCF724FD0146304681
:1048A000FCF76AFC0146FCF769FC0646688F001BB2
:1048B000FCF718FD01463046FCF71CFE4FF07E5118
:1048C000FCF75AFC70BD000090F83C30D940C0F8AD
:1048D0001011704701232DE9F0479E4690F83C7077
:1048E00040F201380020DFF848C0F9400CF104091B
:1048F00003EB0C042246002509EB030A12F8016BB6
:104900000EFA06F60E4218BF01255245F6D145B102
:1049100014F8015B0EFA05F50D4208BF28439442D6
:10492000F6D103F580734345E2D1B840BDE8F08786
:10493000D80B00200F299FBF90F83C30C91AC9B28C
:1049400000EB410194BFB1F8640000207047000003
:104950000F299ABF203130F8110000207047000065
:10496000102A28BF1022F8B505460E461746002427
:10497000E1B2B94207D22B6828461B6C984726F84B
:1049800014000134F4E7F8BD012380F8C430704707
:1049900000207047002070470020704770470000DB
:1049A000012380F80231184670470000022380F886
:1049B0000231704770470000F8B506460F460C4CB0
:1049C00004F54075E36DD6F8C82013420AD14BB107
:1049D000A16894F87230B1FBF7F1E16013B1E06BBC
:1049E00004F0F0F904F58074AC42EBD1F8BD00BFDF
:1049F000D80B0020102A28BF102210B490F83C30A9
:104A00000C46934209D2D21AD2B200F1640152008C
:104A100004EB430010BC05F0E5BD10BC704700007E
:104A20002DE9F04F89B0524B8046D3F8009002AF89
:104A3000D9F850000D46036816465B6B98477861BD
:104A400058B94C4B32462946D9F8540001F0DCF9EC
:104A500001201C37BD46BDE8F08F98F83C104FF0A0
:104A6000000E01F10C03FB6001F1130303F4FC736E
:104A7000ADEB030D02AC234601F10B02224403F817
:104A800001EBA2EB030CBCF1000FF8DA00239A460D
:104A9000DFF8F0C00CF105027A600CEB030292F82B
:104AA00058B0BBF1000F18D0334A02EB030E7A68FE
:104AB0001A44BA601EF8012BFF2A0BD00A44D2B266
:104AC0003A61D7E90320824282BF0246D7F814A098
:104AD00004F802B0BA689645ECD103F58073B3F5DB
:104AE000407FDAD1D9F85400BAF1000F05D1234B39
:104AF0003246294601F088F9AAE73246204B29467A
:104B000001F082F94FF00109002298F83C3003F1DE
:104B10000C0189451AD204EB090313F8013C14F87F
:104B2000091099420BD07BB10132D2B20092CDF87C
:104B3000049032462946404601F026F84A4609F1DB
:104B400001095FFA89F9E0E74A46F8E70B33DBB27F
:104B5000E35C002B3FF47CAF0132C9B2D2B20191C9
:104B6000009229463246404601F00EF870E700BF39
:104B7000EC06002030AA0008D90B002044AA000847
:104B800050AA0008D80B0020F8B5044690F83CC0A5
:104B90002548174601220646A1EB0C01C9B28A40FE
:104BA00000F5407E90F85850042D1AD0C56D2A4269
:104BB00017D00025421C12F801EB8E4508BF80F883
:104BC000E6500135EDB2042DF5D1E062F26D23FA25
:104BD0000CF313420DD023682046DB6F984700206A
:104BE00021E000F580707045DCD1E06A0028F2D148
:104BF00019E0D6F85C211342EDD1D6F85C221342BD
:104C0000E9D10A4DFF20AB6923635B6B636304F05A
:104C10008DFF074A0120B2FBF7F2E36AA3F8E42014
:104C2000AA69044B1A61F8BDD80B00203413002088
:104C300040420F00D80E0020642A10B521D901B3DC
:104C40001C4B93F85840023C022C1AD993F8584157
:104C5000023C022C15D993F85832023B022B10D992
:104C600001FB02F380F8AC109BB2B3F5487F10D281
:104C700090F8AC300133DBB280F8AC3053439BB2D8
:104C8000F3E74FF47A73C0F8A830002380F8AC3013
:104C900010BDB3F57A6F07D94FF47A6393FBF2F343
:104CA00080F8AC3053439BB2034AB2FBF3F3C0F835
:104CB000A830EDE7D80B002040420F002DE9F74364
:104CC00090F801310546002B5FD10126304C04F5E8
:104CD0004077A4F10508631FA3EB0803C3F3072380
:104CE00006FA03F384F85360C4F8D730221F12F891
:104CF000013BFF2B10D095F83D1001338B42B8BF1C
:104D00000B4685F83D3012F8013C06FA03F1D4F861
:104D100057300B43C4F85730A242E8D1D4F857308B
:104D200033B1E11CD4F8370004F02AF884F86D6040
:104D30004FF0000904F5807444F8619CBC42CAD16C
:104D4000012405F1E80004F017FC95F83C102B68ED
:104D500004FA01F10139C5F8BC9081F47F415B6828
:104D6000322281F0FF01284698470A4B85F802411C
:104D70001B68094A186D01920368009502AA5B6AD4
:104D800012E90600984785F8014103B0BDE8F083B9
:104D9000DD0B0020EC060020215500082DE9F04134
:104DA0000C4691F858C0896FD4E902658BB2B3F50F
:104DB000C87F02D8BCF1030F20D1314BA360E06B58
:104DC000DFF8C0E0426843691268B3FBF2F3013BCD
:104DD000B3F5803FA26806D247683F6803FB0773BC
:104DE0004769BB420DD072450BD95208A260426898
:104DF00043691268B3FBF2F3013BE9E7214BA3607F
:104E0000DDE7ACF1020CBCF1010F8BBF89B20023CE
:104E1000B2FBF1F1E36088BFE160234600214FF06F
:104E2000010E4FF0100804F1200C5F690833022FC7
:104E300008BFC3F80CE0DF6808BF0121202F04BFC2
:104E4000C3F80C8001219C45EFD1964294F8723052
:104E50000AD1E268AA4207D14BB131B9E168E06BEF
:104E6000BDE8F04103F0AEBF0BB103F09BFF04F1CE
:104E70000801E06B03F084FF012384F87230EDE752
:104E800000127A0040420F002DE9F84390F83C30C0
:104E9000074631FA03F6904620D0124C04F54079CB
:104EA000B8F5C87F1CD994F85830042B0CBF454680
:104EB0004FF4C875E36D1E420CD021463846A567F5
:104EC000FFF76CFF322D81BFD7F8C830E26D134376
:104ED000C7F8C83004F580744C45E1D1BDE8F883CB
:104EE0004546E7E7D80B00200F29F0B51CD890F80D
:104EF0003C308B4218D8C91A00230C4DC9B26F1C24
:104F000000245819FE1816F801EB5FFA84FC8E4550
:104F100002D182F800C0F0BD0134042CF3D103F5B6
:104F20008073B3F5407FEBD10020F4E7D80B00206D
:104F300007B50DF10702FFF7D7FF48B1C36B5A68F9
:104F40009B681068B0FBF3F080B203B05DF804FB1F
:104F50003220FAE737B50DF1070204460D46FFF798
:104F6000C3FF50B194F83C10236E6D1A0121A94083
:104F70000B432366036E1943016603B030BD000086
:104F800073B50DF1070205460E46FFF7ADFF044667
:104F900080B19DF80710C06B03F030FF95F83C100E
:104FA0002B6E761A0121B140C9430B402B66236E4C
:104FB0001940216602B070BD2DE9F743994690F87B
:104FC0000131804615460A9E03F0FF0723B90027EA
:104FD000384603B0BDE8F083002AF8D0002302AAC7
:104FE00002F8053DC9B2FFF77FFF04460028EED066
:104FF00040F6CB0200F1B40101A800F069FE94F87C
:10500000AC3094F85820AB4201D34A451CD0093A41
:10501000012A48D9B9F1090F08D0B9F10A0F17D000
:10502000002784F8AC7084F8AE700DE094F8AC30D2
:105030009D424FF0090398BF94F8AC5084F8AE300D
:1050400098BFEDB284F8AC5001A800F05DFEBFE758
:1050500094F8AC3002359D424FF00A03D8BF94F863
:10506000AC5084F8AE30D8BFEDB2EDB2002384F876
:10507000AC50012584F8AD30601C10F8011B98F885
:105080003C200A4405FA02F232421EBF94F8AD10E9
:1050900005FA03F20A4303F1010318BF84F8AD20B7
:1050A000042BEAD1D0E70027CEE70000F7B590F84F
:1050B0000131064603F0FF0553B3C3687BB30DF11E
:1050C0000302C9B2FFF710FF044630B300F1B40188
:1050D00040F6D91201A800F0FBFD94F8AC30D3B132
:1050E000012294F85830093B934214D894F8B03018
:1050F00003F0FF074BB184F8AF204FF4004186F86E
:105100001421F06804F0FAF93D4601A800F0FCFD16
:10511000284603B0F0BD0025F7E70546F8E71D4631
:10512000F6E70000F8B591F8723005460C462BB151
:10513000C86B03F037FE002384F87230002394F824
:105140005820C4F8F030023AC4F8F430082A17D8CE
:10515000DFE802F04141053D3D3D3D3E3E00661C1D
:10516000671D16F8011BFF2908D095F83C30002276
:1051700019442B68C9B25B6928469847B742F0D1F9
:1051800021462846FFF70AFE94F85830F3B194F808
:105190007250DDB904F10801E06B03F0F1FD012369
:1051A0001E4684F87230E71817F8013BFF2B09D030
:1051B000226E06FA03F3134204D000222946E06B64
:1051C00003F00CFE0135EDB2042DEDD1F8BD012345
:1051D00084F85830D4E7E3600123A36794F8723071
:1051E000002BCDD00021E06B03F0ECFDC8E7000000
:1051F0002DE9F04105460F461646104C04F540785F
:10520000E16D95F83C2001FA02F23A4210D0012EED
:1052100082BFD5F8C8300B43C5F8C83094F8583071
:10522000B34205D02146284684F85860FFF77AFF3C
:1052300004F580744445E3D1BDE8F081D80B00202B
:10524000F8B500F1E8050446284604F0FBF900280B
:1052500045D000F00DFCD4E93867B94208BFB04230
:1052600008D21F4B311A1B6889B21B6D1A68184689
:1052700092689047202383F311881A4B01271869FD
:105280000023194E80B9F11891F85820023A012AEA
:105290000AD894F8FC204FEA232C22FA0CF2D20709
:1052A00042BFCA6B9269576103F58073B3F5407FC3
:1052B000E8D1002383F3118800F0DAFB0027B4F86B
:1052C000FE6016F1320247F10003861841EB030736
:1052D000C4E938672846BDE8F84004F0BDB9F8BD18
:1052E000EC060020D80E0020D80B00202DE9F04F4E
:1052F00090F83E2085B00546002A00F0A9804FF0C6
:10530000FF339340026E4FF0000822EA030301933B
:10531000514BC2461B68C146586D03681B6A9847CB
:1053200083464E4BEF6A03EB0806002F75D196F8C3
:105330007230002B71D001224FEA282302FA03F3C6
:10534000DBB200930292F3195A78F9B2FF2A61D0C6
:10535000029B03FA02F0336E18425BD0019BD340EC
:10536000DB0757D505EB4203BBF1010FB3F86440EF
:1053700009D195F83C301344D5F80C210BFA03F30E
:10538000134208BF002496F85830042B22D1B5F8F8
:1053900038C0F06BA4451BD26A8F8368A24206D93D
:1053A000A4EB0C046343A2EB0C02B3FBF2F31A462A
:1053B000039303F013FD039B1C4696F85800831ECD
:1053C000012B1FD8A14540D3009B43EA0A0A21E0E4
:1053D0000023ECE7032B0AD1B268214BF06BB2FB40
:1053E000F3F26243D20803F0F9FCE408E5E7042B8A
:1053F000E3D8B2681A4BF06BB2FBF3F2624303F0EE
:10540000EDFCDAE7A0F10903012BDBD900F000FC89
:105410000028D7D10137042F95D108F58078B8F549
:10542000407F7FF47EAF40F6FC03994528BF994644
:1054300085F8FCA0A5F8FE90BAF1000F08D0284628
:1054400005B0BDE8F04FFFF7FBBE1FFA84F9BBE7DC
:1054500005B0BDE8F08F00BFEC060020D80B00209F
:1054600040420F000F2930B429D801F1200320F861
:10547000132090F83C40A14221D390F80231012B37
:1054800005D1D0F80C518B402B4208BF0022091BDC
:10549000C9B200EB4103A3F8642090F83D308B4281
:1054A0000DD990F83E3001319942B8BF194690F8B5
:1054B000C43080F83E1013B930BCFFF717BF30BCC2
:1054C00070470000002280F8C420FFF70FBF0000E3
:1054D00038B5084B04461D68686D03685B689847DB
:1054E00020B96B6D94F8022183F84E2094F80201E4
:1054F00038BD00BFEC06002010B5044600F0B6FA37
:10550000D4F80431C31A632B07D9044BC4F804013F
:105510001B6813B11B89C4F80C3110BD080F0020A3
:10552000FFF7EABF0538C0B205289ABF024B53F80F
:1055300020000120704700BFE0A900082DE9F04FCE
:105540000F4687B080462749384600F0CFFA264CF0
:10555000DFF8A4B004F54079D8F82C30A3423ED04F
:1055600094F8580000F054FB94F8583090B3184663
:10557000FFF7D8FFDBF800504543E36B94F8580081
:105580005E6900F045FB29460246304600F046FBC6
:105590008246E36B94F840205E69144B94F85810EF
:1055A0004046B6FBF3F6059200F0E2FAE36B029593
:1055B0005B69059AB3FBFAF30D49CDE9000304F5E5
:1055C00080743346384600F091FA4C45C4D107B098
:1055D000BDE8F08F1846FFF7A5FFC500CDE7054DE4
:1055E000CBE700BFF8A90008D80B002040420F000D
:1055F00001AA000800EE02008804002091F858007B
:105600000938012814D801EB8202D2F8CC109DF899
:10561000000003EB4303C854D2F8CC109DF80400FB
:1056200019444870D2F8CC2013449DF808209A7091
:10563000704700002DE9F04F8DB007939DF858306A
:10564000064608939DF85C300691099390F8013165
:10565000904603F0FF05002B73D04FF000090CAA11
:1056600002F8059D9DF81810FFF73EFC044600283F
:1056700000F0B08090F8AF3003F0FF07002B40F04F
:10568000AB8000F1B40140F67A120BA800F020FBC9
:1056900094F8AC30002B50D094F8AC3098454CDAEC
:1056A00094F8583094F8AE20934202D0093A012A77
:1056B0001DD9093B012B40D8B8F1FF3F5DD1012333
:1056C000002784F8B03094F8AC20FBB29A4207F17E
:1056D00001077DD909999DF82B2002910899304640
:1056E0000191079900912146FFF788FFEBE704F14C
:1056F000CC0BDA46B94604F1DC0305935AF8040BE7
:1057000008B100F033FA4AF8049C94F8AC0000EBBE
:10571000400000F029FA4AF8040CB0B905465BF8DD
:10572000040B08B100F022FA059B4BF8045C5B45C2
:10573000F5D184F8AE5084F8AC500BA800F0E4FA30
:105740003D4628460DB0BDE8F08F059B9A45D5D162
:1057500001210698336894F8AE20D3F88030814058
:105760003046984794F8582094F8AE309A42A3D027
:1057700084F8AE9084F8AC90DFE794F8B03003F092
:10578000FF07ABB90123B94684F8B03094F8AC10E8
:10579000FBB299429DF82B2007F1010708D9CDE90A
:1057A0000199CDF8009021463046FFF727FFEDE73D
:1057B000099B9DF82B200293089B21460193079B90
:1057C000304600935FFA88F3FFF718FF2F46B4E7DF
:1057D0002F46B2E70546B4E74D46B2E72DE9F74F4D
:1057E0004FF4807A4A4C52460021204604F006FFCE
:1057F0004FF6017301254FF0FF0944F620664FF084
:1058000002086380434B444FE363444B04F1B4000C
:10581000A3642B44E36484F80490C4E902766561D0
:10582000E56184F8408084F8415084F8425001F0EA
:1058300051FF52460021A01804F0E0FE052384F831
:1058400002314FF0060384F80331072384F8043152
:10585000334B4FF0040BC4F83C310323314A04F5B9
:10586000DA70C4F848212A44C4F84C2102F2F93213
:10587000C4F850212A4484F840310193C4F85421DB
:1058800084F801B1C4F80871C4F80C61C4F814516B
:10589000C4F81C51C4F82451C4F82C5184F8415167
:1058A00084F8428101F016FF5246002104F5007091
:1058B00004F0A4FE019B04F52D7084F804321A4B09
:1058C00084F80192C4F83C324FF0060384F8423267
:1058D000164B84F80292C4F850322B4484F80382A9
:1058E000C4F80872C4F80C62C4F82452C4F82C52EC
:1058F00084F840B284F84152C4F8543201F0EAFE10
:1059000000200B4A0B4903B0BDE8F04F04F0F8BD8E
:10591000D80B00203C11002040420F00000801403D
:10592000581100200608014074110020080C0140A5
:10593000040F00209D49000870B51E46164B1C68D8
:1059400044B3636CDB0725D5144B1D686C6D94F86C
:105950004630C3B9124BE2619A69A4F8440084F856
:10596000461062B1936884F84730916939B194F96F
:10597000483023B9042204F1480000F07BF8094BB9
:105980005B68C4E90836686D1321BDE870400430D7
:1059900004F034BB70BD00BF080F0020EC060020EF
:1059A0003413002000ED00E030B589B0EFF3098337
:1059B0006C4603F12005224618685968083303C273
:1059C000AB421446F7D1EFF30581044BC9B29A6B91
:1059D0006020059BFFF7B0FFFEE700BF00ED00E091
:1059E00030B589B0EFF309836C4603F120052246F8
:1059F00018685968083303C2AB421446F7D1EFF375
:105A00000581044BC9B29A6BA420059BFFF794FF54
:105A1000FEE700BF00ED00E030B589B0EFF3098389
:105A20006C4603F12005224618685968083303C202
:105A3000AB421446F7D1EFF30581044BC9B25A6B60
:105A4000C820059BFFF778FFFEE700BF00ED00E0F0
:105A5000FEE70000FEE70000704700000FB408B545
:105A6000029803F0A1FFFEE704F00EBA04F030BA8A
:105A700004F0DEB970B50C460646114620461546C0
:105A800004F0DAFD854288BF0130024621463046E7
:105A9000BDE8704004F0A6BD70B5467B05460EBB60
:105AA0004468836804EB8404A40804F50074E21AD3
:105AB000914288BFCC180C4B621C1B682968586D3A
:105AC00003681B6E984718B901232B73304670BDCD
:105AD000AB68C5E90004E21A0021184404F08EFD09
:105AE0000126F3E70026F1E7EC0600200EB470B5BE
:105AF000017B85B0044619BBD0E901239A421BD033
:105B0000134B0AAD1E6820680095D4E90121099B5A
:105B1000521A0144706D039500F058F900280FDB0C
:105B2000D4E90123D21A82420FD8411C2046FFF744
:105B3000B3FF0028E7D103E0FFF7AEFF0028DFD175
:105B400005B0BDE8704003B070470344A360F7E7B9
:105B5000EC0600200121002808BF084604F034B9F3
:105B600008B104F035B97047FFF7F4BFFFF7F8BF8D
:105B70000A299ABF024B53F821000248704700BF20
:105B800028AB00086CAB00082DE9F04385B0144643
:105B90000A2B98BF194A04AF98BF52F8236004F14A
:105BA000070303F4FC73ADEB030D04AB2246184668
:105BB00097F8208097F8249088BF114E0D4604F086
:105BC00011FD104AC845034610680CD1CDE90168A3
:105BD000009322460C4B2946406D00F015F904371E
:105BE000BD46BDE8F083CDE90036CDE90289074B1B
:105BF00022462946406D00F007F9F0E728AB00087F
:105C00006CAB0008EC06002054AB00085DAB00084C
:105C1000053803288CBF00200120704781422DE900
:105C2000F04706460F4614464BD80846FBF756FB8E
:105C3000804674B13046FBF751FB4146FBF75AFCF6
:105C40002249FBF79BFA04F061FC441E2046BDE8A4
:105C5000F087B6FBF7F5B6FBF5F9B94505F1FF346A
:105C600001D2012D2BD84846FBF738FB4146FBF704
:105C700083FAB94520F0004A0DD9681CB6FBF0F054
:105C8000FBF72CFB4146FBF777FA514620F000402A
:105C9000FBF71AFDB8B9002CD8D0B945D6D2B6FB5F
:105CA000F4F0FBF71BFB4146FBF766FA514620F088
:105CB0000040FBF709FD0028C8D0AC1EC6E725460A
:105CC000C9E70024C2E72C46C0E700BF0AD7233C3F
:105CD000F8B50C4B01601D680446286D1746036833
:105CE0001B6C9847064610B16B6DA3F84270206894
:105CF00003689B6898471EB100226B6DA3F8422091
:105D00002046F8BDEC06002010B504460068036884
:105D1000DB689847204610BD002070470020704780
:105D20000020704700207047704700000320704734
:105D300000230B7070470000002070477047000080
:105D40007047000000207047002070470020704717
:105D50004368C26893423CBF8268D15443680133B0
:105D60004360012070470000F8B506460C46002548
:105D70008F18BC4207D0336814F8011B9B6830466B
:105D800098470544F5E72846F8BD00000020704715
:105D90004FF0FF3070470000002070470020704730
:105DA00038B590F89C3004468B420D460CD084F8F0
:105DB0009C10FFF75BFE2368C4F8A0005B682046D8
:105DC000984708B984F84D5038BD00007FB50D469E
:105DD0001446002602B1013A0A49CDE90252CDE942
:105DE00000166846089A194600F036F90198844270
:105DF00002D92E5404B070BD002CFBD02C4404F802
:105E0000016CF7E7B8AB000808B410B585B007AC73
:105E100054F8043B00940394FFF7D8FF05B0BDE8A5
:105E2000104001B0704700002DE9F04107460E46D2
:105E30000C4601EB0208A51B4445ADB208D03B68F7
:105E400038465B699847431C02D004F8010BF2E71F
:105E50002846BDE8F08100000EB403B503AA52F84D
:105E6000041B036801925B68984702B05DF804EB7D
:105E700003B0704700F0F0B870B500250446C0E9E3
:105E8000025501200E4603F09FFFA84208BF2E4690
:105E9000206066602574204670BD000010B5037C4C
:105EA000044613B9006803F093FF204610BD0000BC
:105EB000BFF35B8F0068BFF35B8F704770B506461A
:105EC0000C30FFF7F5FF06F1080504462846FFF7FA
:105ED000EFFFA04206D928467668FFF7E9FF344471
:105EE000201A70BD2846FFF7E3FFF9E770B50546B5
:105EF0004068A0B105F10800FFF7DAFF05F10C06D4
:105F000004463046FFF7D4FF844288BF0025304660
:105F100098BF6D68FFF7CCFF013C2C44201A70BD80
:105F200038B50C460546FFF7C9FFA04210D305F16E
:105F30000800FFF7BDFF6B682044B0FBF3F4BFF32C
:105F40005B8F03FB1400A860BFF35B8F012038BD9B
:105F50000020FCE72DE9F041144680460D46FFF78E
:105F6000C5FF844228BF0446DCB1474657F80C6B96
:105F70003846FFF79DFF304428603846D8F8046063
:105F8000FFF796FF301AA0423BBF6860241A012039
:105F9000022037BFD8F800306C60AB60EC60BDE821
:105FA000F0812046FBE7000038B50C460546FFF7B8
:105FB0009DFFA04210D305F10C00FFF779FF6B683D
:105FC0002044B0FBF3F4BFF35B8F03FB1400E860E5
:105FD000BFF35B8F012038BD0020FCE72DE9F043C3
:105FE00085B08846694607460024FFF7B3FF25467B
:105FF0008146A1450CDD0DEBC40608EB05015DF8FB
:106000003400726804F0EEFA736801341D44F0E75E
:1060100029463846FFF7C8FF284605B0BDE8F0839B
:10602000F8B506460C300F46FFF742FF06F10805AB
:1060300004462846FFF73CFFA042284688BF746804
:10604000FFF736FF201A386020B128463468FFF782
:106050002FFF2044F8BD00002DE9F04F0746914680
:1060600089B00B78002B48D0252B08D001F1010A0C
:106070003A6819469268384690475146F1E74B789E
:1060800001F1020A252BF3D04FF0000844464546A3
:106090001F2D40D82B2B33D01AD8202B32D0232BB6
:1060A00036D0A3F13002D2B2092A3DD868064BBFE0
:1060B00008EB880804EB840402EB480802EB440474
:1060C0004EBF08F0FF0804F0FF0445F0200505E08E
:1060D0002D2B1AD0302BE4D145F001051AF8013BE5
:1060E000002BD5D125F006066F2BB6B200F0DA8072
:1060F00000F2C380582B00F0CE8009B0BDE8F08FCD
:1061000045F0020545F00405E8E745F00805E5E738
:1061100045F01005E2E77F2DC3D92E0612D56C2B72
:1061200010D145F48075D9E72E2B04D16B06E4D449
:1061300045F04005D2E76C2B02D145F08005CDE754
:10614000682BCBD0632B35D0732B4FD0642B01D071
:10615000692B76D125F0900615F4807FB6B202AD9A
:106160005CD009F1070929F00703D3E900010028F1
:1061700003F1080971F1000304DA404261EB4101C7
:1061800046F080062A460A2300F086F9451BEDB248
:10619000730640F1958026F0010345459BB280F0DF
:1061A000AB8006F01402102A02D126F01106B3B219
:1061B000C34687E04FF00108D9F8003008AE06F872
:1061C000183D09F104092D0701D444451ED8B044F7
:1061D000464500F0F1803B6816F8011B9B68384685
:1061E0009847002CF4D0013CE4B2F1E7D9F8006004
:1061F00015F0400F14BF41464FF0FF31304604F018
:106200001BFA09F1040B8046D946DCE73B682021E4
:106210009B683846013C9847E4B2D6E7D9F80000BD
:1062200029460028B8BF40424FF00A02B8BF46F0E6
:10623000800600F0CDF809F1040B451BEDB2D946FC
:10624000A6E7752B7FF44EAF0A2325F01006B6B2F1
:10625000F20502ADDBB227D509F1070929F00701E4
:106260002A4601F10809D1E9000100F015F9451BA2
:10627000EDB226F08006B6B28AE7702B08D0782BF4
:106280007FF43BAFF00601D546F004061023DFE7AC
:1062900046F01006F6E7E90601D546F006064FF48B
:1062A0000473D5E70823D3E72946D9F800001A4636
:1062B00000F08EF809F1040B451BEDB2D946D8E782
:1062C000AB463346D80623D508AA2A4412F8192C1F
:1062D000302A13D123F016039BB213F0080229D100
:1062E000DE0719D5A3454AD205EB0408A8EB0B0835
:1062F0005FFA88F8002422E0AB46E3E75A0702D4AD
:106300000BF1010B01E00BF1020B5FFA8BFBE4E7F1
:1063100013F0860FE1D0F3E73A68A3459268E9D21B
:106320000193202138460BF1010B90475FFA8BFB5C
:10633000019BF1E7A345DDD2A4EB0B04E4B23A687C
:10634000D80692681DD50193302138469047019BAD
:106350005A0708D513F0020F0CBF782158213A686C
:106360009268384690473B6845459B6816D2302175
:10637000384608F1FF3898475FFA88F8F3E7A846EF
:10638000B8E713F0860FEED013F0020F14BF2B21E5
:10639000202113F0800F18BF2D21E2E7013DEDB25F
:1063A00002AB1D440DF107063B6815F801199B6807
:1063B00038469847AE42F7D1002C3FF45EAE3B68BA
:1063C00020219B683846013C9847E4B2F4E700007E
:1063D000082A2DE9F04903D1C30859D01846FBE734
:1063E000102A0ED100F00F0202F13003392B88BFC2
:1063F00002F13703000901F8013BF3D10846BDE87B
:10640000F08983464FF0000C2BF00102971C4CF1F1
:1064100000085FEA58054FEA37045FFA8BF614EB81
:10642000070B45EB080C4FEA1B1242EA0C721BEB00
:1064300002044FEA1C134CEB0305220A42EA0562F0
:1064400012EB040B4FEA152343EB050C4FEA1B44F8
:1064500044EA0C444FEA1C451BEB04024CEB0503D9
:106460004FF0000C9C184CEB03054FEA141B4BEA51
:10647000057BCBEB4B104FEA151CCBEB8000303685
:1064800006EB40065BEA0C0301F8016BBCD1B5E7F3
:1064900000F130020A70B1E7082B2DE9F0480646FA
:1064A0000F4609D1F40844EA4774FD0854EA05038D
:1064B00059D026462F46F5E7102B15D106F00F04CC
:1064C00004F13003392B88BF04F1370302F8013B94
:1064D000330943EA07733C091E46274656EA070379
:1064E000ECD11046BDE8F08826F00100841C47F18D
:1064F0000005F3B26F084FEA3406301947EB050187
:10650000040944EA017406194FEA111541EB050725
:10651000340A44EA076414EB060B4FEA172545EBEF
:10652000070C4FEA1B4040EA0C404FEA1C411BEBB2
:1065300000044CEB0105002114EB050B45EB010CAD
:106540004FEA1B1646EA0C76C6EB4614C6EB8404EB
:10655000303303EB44034FEA1C1702F8013B56EAC1
:106560000703C1D1BDE706F130031370B9E700009E
:106570000020704700207047002070470368DB68E8
:10658000184700004068704708B504494068FAF7AA
:10659000FDFE4FF06A51FAF7F9FE08BD0000A04079
:1065A0000120704770470000004870470000A0407D
:1065B00008B50820FFF7CEFA18B1024B0360024B72
:1065C000436008BDE4AB00087B148E3F014B0360C1
:1065D000704700BF04AC0008036800211B6818471F
:1065E00003790BB1002202711846704703685B689B
:1065F0001847000003791BB901230371184670473F
:10660000002070477047000010B50446FFF7A8FA55
:10661000204610BD704700000120704700207047E1
:10662000704700007047000008461A46002103F03A
:10663000E5BF0000014B0360704700BF44AC000899
:1066400003685B6A1847000000207047002070470D
:10665000002070474FF0FF30704700008180B1FA92
:1066600081F0400970470000808870477047000043
:1066700000207047704700007047000000207047FE
:106680000020704770470000002000217047000084
:106690004FF4B4507047000000207047002070474E
:1066A00000207047002070470020704770470000AE
:1066B00070470000704700007047000000207047DE
:1066C0007047000000207047012070474FF0FF30F6
:1066D0007047000000207047F8B506460C460025BC
:1066E0008F18BC4207D0336814F8011B9B683046F2
:1066F00098470544F5E72846F8BD0000014B0360C4
:10670000704700BF68AC00087047000010B5044631
:10671000FFF726FA204610BD10B50446FDF788F8AD
:106720002046054B002240F8403B4FF4E13100F099
:10673000F3FC204610BD00BF08AD00080878F0B596
:10674000202801D00020F0BD48784028FAD1084622
:106750006025023A01F11C07C4788678240204F40B
:106760007064344322F8024F8478C678023034448F
:10677000B8422544F0D14FF6FF70CA8B2A448242BA
:10678000E0D1CA7812F0F00F03D14A7A12F0F00289
:1067900002D001201870D6E71A700120D3E700005C
:1067A00070B50446D0F880008AB0081AB0F5FA6FC8
:1067B000C4F8801033D30023202A84F87C3034D1ED
:1067C00094F87C309BB3581CC0B22344202884F832
:1067D0007C0083F85C2028D100230AAE04F15C051C
:1067E00006F81D3D0A4600902B4601212046FDF784
:1067F000EFF8334603AA29462046FFF79FFF50B122
:106800004FF0FF329DF80B30CDE900220E2103AA94
:106810002046FDF735F8002384F87C3005E0202A77
:10682000CED094F87C30002BCAD10AB070BDB0F540
:10683000FA6FC8D2F9E7000013B504460DF107035B
:10684000403000F083FC28B19DF80720216D2046E0
:10685000FFF7A6FF02B010BDB2F5E13F38B5044620
:106860000D4608D1FFF700F92A4601462046BDE84B
:106870003840FFF795BF38BD7047000010B504469B
:10688000FFF76EF9204610BD37B5044601B122B9B5
:10689000FF2384F83E3003B030BD40F68B230A441A
:1068A0009A4290F93E100DD9042909DD4FF0FF33CB
:1068B00000F14002CDE90033C9B20023FCF7E0FF4C
:1068C0000023E6E7481CE6D06FF42F73D01840F29F
:1068D0003E6398429FBF04EB41030131A3F840207F
:1068E00084F83E1094F93E101129D4DD4FF0FF35A5
:1068F0000023CDE9005504F14002C9B22046FCF75F
:10690000BFFF84F83E50C6E77047000010B504464C
:10691000FFF726F9204610BD70B5044616461D4601
:10692000FCF786FF054B84F83E6023600122294670
:1069300004F1400000F0F0FB204670BD58AD0008A7
:106940002DE9FF419846DDE90A760B780D460F2BBD
:10695000144646D14FF4C86340F26B31CDE90131A2
:106960004FF47A73691C009313461022FCF7A8FFBA
:10697000BDF83030112B27D940F2CE7340F2E63209
:10698000E97D11F0010F14BF194611462184E97DFC
:1069900011F0020F08BF1346638412230020A8F8E9
:1069A0000030A31E063433F8022FB2F55B7F38BFE8
:1069B0000120A342F7D1EA7D012312F0080105D09E
:1069C0003B703370184604E01023E7E720B13B70BA
:1069D000317004B0BDE8F08152073870F1D43070E6
:1069E000F0E70020F5E7000030B50446C06F8FB037
:1069F000081AB0F5FA6FE16743D300230F2A84F831
:106A0000793044D194F87930002B42D0581CC0B270
:106A10002344192884F8790083F8602037D104F1E1
:106A200060050A4600902B4602212046FCF7D0FF65
:106A30000023ADF816308DF814308DF81530102382
:106A400002930DF11503019305AB009306AA0DF116
:106A5000160329462046FFF773FF70B1BDF81610E4
:106A600004290AD94FF0FF329DF81430CDE90022F5
:106A7000C9B206AA2046FCF703FF002384F8793048
:106A800005E00F2ABED094F87930002BBAD10FB0B0
:106A900030BDB0F5FA6FB9D2F9E7000013B590F840
:106AA0003E3004461BB1C36DC2650A4619460DF15E
:106AB000070304F1400000F049FB28B19DF80720CE
:106AC000216D2046FFF790FF02B010BD38B5036C72
:106AD00004469A420D4608D1FEF7C6FF2A460146F3
:106AE0002046BDE83840FFF77FBF38BD7047000043
:106AF00010B50446FFF734F8204610BDF8B590F8FD
:106B000093404FF4AF67033C640814700024069D63
:106B10002C701578661CE4B2A54213D904F1340C2C
:106B200000EB440494F83F5094F840402D0205F4E3
:106B300070652C437C43240B04F5487420F81C40FA
:106B40003446E6E78D42C8BF1170127800F1680143
:106B50005200184603F046FD0020F8BD2DE9F84329
:106B60004FF4FA7C4FF45B7E40F2FC780646074611
:106B70000E3097F8404097F8415045EA04252DB271
:106B80001FFA85F9002D4FEAE9241FDB0C2C38D1C0
:106B9000C9F3422408EA890596F83F9019F0010FDD
:106BA0000CBF0A340E34A5F580650CFB05F595FB8A
:106BB000FEF504F1340905F2DC5526F81950B6F853
:106BC0009050A5429CBF0134A6F890400237B842CD
:106BD000CFD196F890008842D4BF1070117012780F
:106BE00006F168015200184603F0FCFC96F83F30AD
:106BF000089A83F00203C3F3400313700020BDE83A
:106C0000F883A4B202DCC9F30A05CCE7132CDDD863
:106C10000025C8E72DE9F04184B00E46436E02AF6F
:106C2000F31AB3F5FA5F044611460CD3A22A16D024
:106C3000A52A17D0A12A18D141F6A133A4F8923081
:106C4000012384F8943094F89450012D19D0022D2A
:106C500022D094F89530666684F894300DE042F2C4
:106C6000A233EBE741F2A523E8E7FF23A0F8923037
:106C7000002380F8943080F861300837BD46BDE8C5
:106C8000F08184F83E100020FCF790FA84F86150FF
:106C9000A4F89600022348E094F8613094F8932019
:106CA000934208D30023FF2284F86130A4F8922095
:106CB00084F89430E1E7E0180133DBB2013A9A42FC
:106CC00080F83E1084F8613005DDB4F89600FCF7DA
:106CD0006DFAA4F8960094F8612094F893309342EA
:106CE000D8D10093324604F13E0306212046FCF73A
:106CF0006FFE94F86120224492F83C1092F83D30E7
:106D0000B4F8962043EA01239A42A4F898300BD1B4
:106D100094F89230E846A12B8AB002AD03D3A22B9F
:106D200006D9A52B17D0C546002384F8953090E7E7
:106D3000FB1D0093BA1D2B4612212046FFF7DEFEF5
:106D40004FF0FF32FB79B9792046CDE900222A467F
:106D5000FCF796FDE7E7FB1D0093BA1D2B461221B9
:106D60002046FFF7FBFEEBE713B504460DF10703E2
:106D70009C3000F0EBF930B19DF80720D4F8AC104E
:106D80002046FFF747FF02B010BD0000B2F5E13F1B
:106D900038B504460D4608D1FEF766FE2A46014680
:106DA0002046BDE83840FFF735BF38BD70470000CA
:106DB00010B50446FEF7D4FE204610BD13B590F87A
:106DC0003E300446052B09D8DFE803F0030A0E190C
:106DD0002232552902D1012384F83E3002B010BD81
:106DE00055293AD10223F7E7A1F10903392B34D809
:106DF000002380F8421080F83F300323ECE790F83E
:106E00003F3080F84310013380F83F300423E3E73C
:106E100090F83F30C21882F8431090F842200133B6
:106E2000DBB2013A934280F83F30D7D10523D3E754
:106E300090F83F3080F88410013380F83F30FEF73F
:106E400013FE94F83F3002460333DBB2009309216E
:106E500004F140032046FCF7BBFD0023BCE7000023
:106E600013B504460DF10703883000F06FF920B127
:106E70009DF807102046FFF7A1FF02B010BD0000EB
:106E8000B2F5E13F01D1FFF799BF704770470000AD
:106E900010B50446FEF764FE204610BD70B50D46E1
:106EA000114641F28832D0F8903092B0EB1A9342FA
:106EB00084BF002380F83E3090F83E300446072B14
:106EC00022D8DFE803F004233E5A7B8B8488A8296C
:106ED0001AD1012680F8401080F88C60002084F8D8
:106EE0003F00A4F88A0084F8890084F88D00FCF73C
:106EF0005DF994F88930A4F88A00583B84F8893009
:106F000084F83E60C4F8905012B070BD012900F2C0
:106F1000D68080F8411009B980F88C1094F88C3034
:106F20004BB1B4F88A00FCF741F9A4F88A000223B7
:106F300084F83E30E8E794F88920114484F88910F9
:106F4000F5E78B1E1E2B00F2BA8090F88C3080F88B
:106F5000421063B1B0F88A00FCF728F9A4F88A005F
:106F600094F83F30013384F83F300323E0E790F892
:106F70008920114480F88910F2E790F83F300344EB
:106F800083F8431090F88C3093B1B0F88A00FCF786
:106F90000DF9A4F88A0094F83F3094F842200133A8
:106FA000DBB2B3EB420F84F83F30ADDD0423BFE723
:106FB00090F88920114480F88910ECE790F88C3023
:106FC00080F885100BB10523B2E70623B0E780F8FF
:106FD00086100723ACE780F88710F4E790F88C3030
:106FE000002B5AD090F88520B0F88A3080F88610AF
:106FF00001EB02218B4202D1012384F88D3094F8F9
:107000003F302A460093052104F143032046FCF754
:10701000DFFC94F88D30002B51D094F8423094F876
:107020004620202B84BF202384F8423094F8473038
:1070300094F8421043EA0223DB1094F84820ADF89C
:10704000083094F8493004F14C0043EA0223DB1085
:1070500094F84420ADF80A3094F8453002AD43EA84
:107060000223DB1094F84A20ADF80C3094F84B3032
:1070700043EA02230422DB10ADF80E30914200F106
:1070800002000FD910F8026C10F8013C43EA062305
:10709000DB1025F812300132F0E780F8881090F804
:1070A0008930A7E794F84130012B0AD14FF0FF3324
:1070B000CDE90033002302AA2046FCF7E1FB0023C0
:1070C00036E7812BFBD14FF0FF33CDE900330123AD
:1070D000F1E7000013B504460DF10703943000F00A
:1070E00035F830B19DF80720D4F8A4102046FFF7FA
:1070F000D5FE02B010BD0000B2F5E13F38B5044640
:107100000D4608D1FEF7B0FC2A4601462046BDE8F0
:107110003840FFF7C3BE38BD0B4B0160B3FBF1F144
:10712000012A0171427109D001D3022A05D140F62A
:107130000823C3804FF400730381704740F609436E
:10714000C3804FF44063F7E720A107002DE9F04129
:1071500005791E460368044668185843DFF8BCC02A
:10716000E768B0FBFCF0114439442761E160002876
:107170004AD0AF185F43B7FBFCF7002F44D0E37948
:1071800082B29342218B9CBF03F1FF3292B200295D
:1071900008BF002201259540BFB2013D8D40394412
:1071A00060690A4492B2054393426561228330D8F4
:1071B000E80729D42389AB4326D163794FEA5508E0
:1071C000012B07D15FFA88F0FAF704FBC5F34025DD
:1071D000A84219D186F800806369E279D3406361DF
:1071E000238B92B29B1A9BB29A4223833EBF002309
:1071F00027836361228B72B16369D9070BD5013A8A
:107200005B0822836361F5E7002060612083BDE8AD
:10721000F0810020FBE70120F9E700BF40420F00AA
:10722000007B00F00100704770470000407B704712
:107230000161704708B50A4B1B68D86C0368DB6CAA
:10724000984772B6BFF34F8F0649074BCA6802F4DE
:10725000E0621343CB60BFF34F8F00BFFDE700BF79
:10726000EC06002000ED00E00400FA0510B504462D
:107270000121E03002F034FB04F1EC000121BDE813
:10728000104002F02DBB000070B5437D04460D4652
:107290004BB903681B6C984728B1B620FDF790F9ED
:1072A000012363752375236829462046BDE8704095
:1072B0009B68184708B5FDF7F3F9034B9B691B1A48
:1072C0005842584108BD00BF341300202DE9F8434F
:1072D0000D460446FEF7CCFB4FF0000906460F466C
:1072E0001FFA85F8FEF7C4FB801B61EB07014FF422
:1072F0007A720023FAF756FA494508BF404513D27F
:1073000023684FF47A719B6820469847A388AB4264
:10731000E8D8236820461B6C98470028E2D02368F1
:107320002046DB6C9847DDE7BDE8F88308B52022EE
:1073300082F311888368002B01DC02F0F7FA02F077
:10734000C3FA002383F3118808BD0000F7B5044693
:107350006D4600F1E006304685E8060002F0DCFAF2
:10736000DDE90010224694F87C3004EBC30C624542
:107370000DD0D76B8F4208D1176C874205D13046AC
:1073800003B0BDE8F040FFF7D1BF0832EFE7072BAD
:107390000AD895E8030004EBC3023C32013382E8CB
:1073A000030084F87C30EAE7034B04491B68186C3F
:1073B00003681B689847E2E7EC06002008AE000867
:1073C00008B5437B13B10348FEF748FB0123437321
:1073D00008BD00BF20AE000802F0F4BA084602F073
:1073E000FBBA000038B579B14FF47A700025074C2C
:1073F0000023E1FB0045064A20462946FAF7D2F968
:10740000BDE8384002F0AABB38BD00BF3F420F00C4
:1074100040420F0010B5036804461B6C984740B10A
:10742000637D33B10023B4206375BDE81040FDF7E0
:10743000C7B810BD10B5437B04465BB1806940B14D
:10744000FEF714FBA369C01AE36998428CBF0020C1
:10745000012010BD0120FCE7F7B504466D4600F1A0
:10746000EC06304685E8060002F056FADDE9001029
:10747000224694F8C03004EBC30C62450FD0D2F81A
:1074800080708F4209D1D2F88470874205D130468E
:1074900003B0BDE8F040FFF749BF0832EDE7072B26
:1074A0000BD895E8030003F1100204EBC20201338C
:1074B00082E8030084F8C030E9E7044B04491B6804
:1074C000186C03681B689847E1E700BFEC060020D2
:1074D000F0AD000838B504464025094B40F8243B80
:1074E00000F0F8F82A46002104F13C0003F086F889
:1074F0002A46002104F1800003F080F8204638BDC0
:1075000068AE000838B5002310460A4A12F8135036
:107510005C008D4208D1224453780221FF22184496
:10752000FBF714FEC0B238BD01330D2BEED13A206B
:10753000F9E700BFBCAE0008F0B585B0074602AD64
:10754000082085E806001E4602F032FC0446D8B149
:1075500095E803009DF9302084E803009DF82C1085
:107560003846FFF7CFFF0A9B024603F1C30525F01B
:1075700007000094064B314602F03EFC054628B950
:10758000204602F025FC284605B0F0BD0120FBE7AF
:107590003176000810B5044602F006FDFEF766FAE3
:1075A000C4F8C40010BD000037B5036804461B6C66
:1075B0000D469847A0B12046FFF7ECFF40F2D322DA
:1075C00004F1240101A8FEF783FB5DB9236A0BB126
:1075D000013B2362236A03B9A36101A8FEF794FB70
:1075E00003B030BDFEF742FAA3693BB1E269C31AAA
:1075F0009A4203D9D31A9D4238BF1D46236AC4E973
:10760000060501332362236820469B699847E4E717
:1076100038B5036804461B6C0D46984728B12946C7
:107620002046BDE83840FFF7BFBF38BD09C818473E
:1076300010B50446FFF7FAFF2046BDE8104002F0FF
:10764000C7BB00007047000008B5043002F004F822
:10765000012008BD043001F0F5BF000010B504465C
:10766000FEF77EFA204610BD2DE9F04707460D468D
:1076700021B9043001F0C4FF012626E003685B68ED
:1076800098470028F8D1FEF7F3F94FF47A74804652
:107690006C43894600250E4BD3F800A0DAF8500061
:1076A000C82103689B6898473B6838465B689847E1
:1076B00006460028E0D1FEF7DBF9B0EB080261EBEB
:1076C0000903AB4208BFA242E8D33046BDE8F087C9
:1076D000EC06002010B50446034B40F8043B01F0D3
:1076E0004BFF204610BD00BFE0AE000800207047F1
:1076F000014B0120197070470C0F002070470000EB
:10770000034B1B68D86C0368D3F8BC30184700BF24
:10771000EC060020002070470020704770470000F2
:1077200002F05ABB11B1084602F052BB704700008C
:1077300038B501F120000D4602F03AFB044620B1B5
:107740002A4600F1200101F09DFD204638BD0000D1
:1077500008B5137808460C2BA8BF0C2303491370F7
:107760001A4602F03FFF012008BD00BFE8F7FF1FE7
:10777000024B1B68D86CFDF7ABBE00BFEC060020C7
:107780002DE9F041214C0D46A66B1746A046002E70
:107790003AD021F000404FF05051F9F795FF30B941
:1077A00027F000404FF05051F9F78EFF30B198F8B4
:1077B00000103046BDE8F04101F020BB6068F9F7E9
:1077C0008DFD2946F9F796FE02F0DAFEF9F7CAFFB9
:1077D0000146304601F0F6FA6068F9F77FFD394658
:1077E000F9F7D4FD2946F9F785FE02F0C9FE4FF0FE
:1077F0007C51F9F7CBFDF9F7B5FF21780246A06B74
:10780000BDE8F04101F0EABABDE8F081100F0020B8
:107810001046194602F07EBB02F08EBB2DE9F04FF8
:10782000214B9DB01A780C460F925A78064610925A
:107830009A781E491192DA78002512925A791F79A6
:1078400013929A791492DA79159293F808B093F812
:1078500009A093F80A9093F80B8016AB17221846EC
:1078600002F0D4FE139ACDE909890792149A089779
:107870000692159A0E4B05920F9A21460492109A81
:107880008DF86F500392119ACDE90BAB0292129AC8
:10789000CDE9000237223046FEF7B6FA012084F81F
:1078A00036501DB0BDE8F08FE8F7FF1F50AF00085D
:1078B00060AF000802F098BB2DE9F04F1B4C87B079
:1078C00020460E4602F052FB194B22461B1B00932A
:1078D000184903463046FEF709F901F0EFFE044669
:1078E000DFF85480DFF854B0DFF85490D4B1E56984
:1078F000636B4545284614BF671BABEB0807D4F8FC
:1079000018A0059302F032FB059BCDE90107524612
:10791000494630460095FEF7E9F8204601F0DEFEC4
:107920000446E3E707B0BDE8F08F00BF0000002089
:1079300000020020F8AE00080002002050040020E1
:107940002BAF00082DE9F04188B00D4604A805A929
:1079500002F05EFA0024804614492846FEF7C6F875
:107960002646134FE0B280451CD9CDE9066610B11A
:10797000049800EB441007AA06A901F049FD0C2267
:107980006243059901348818D0E9013002900798C4
:107990009B0A0190069800908A5828463946FEF7BF
:1079A000A5F8DFE708B0BDE8F08100BF9CAF000894
:1079B000A7AF000808460AB902F0FEB9012A01D1B2
:1079C00002F0FEB9012002F0FFB9000070B50C46CC
:1079D00015462AB9084602F0FBF92E46304670BD1E
:1079E000104619B9BDE8704002F0E2B902F0E0F9C2
:1079F00006460028F2D054F8042C2146AA4228BF9B
:107A00002A4602F0EFFD204602F0E2F9E6E7000028
:107A100070B5049E15460C4629B136B9F2B1104630
:107A200001F0B2FC3446204670BD082231462046A3
:107A30001DB9BDE8704001F037BC01F035FC0446CB
:107A40000028F0D055F8042C2946B24228BF32460F
:107A500002F0C8FD284601F097FCE4E71446E2E78F
:107A6000FEF79EB970470000002070477047000085
:107A7000704700000C4BF0B500221C251E4605FB8C
:107A800002F4E75C874209D121B12344997809B116
:107A9000587810B11C2000FB0260F0BD01320A2AA8
:107AA000EDD10020F9E700BF4C0F00207047000027
:107AB00008B508460121FFF7DDFF40B1436823F018
:107AC0000F02906803F00F03D84000F0010008BDDA
:107AD00008B508460121FFF7CDFF48B101234268F0
:107AE00022F00F01C86802F00F0293404340CB60C0
:107AF00008BD000000797047436823F00F029068CA
:107B000003F00F03D84000F001007047CB4310B5DD
:107B1000426803F0010302F00F0000F1100401F0CD
:107B20000101A3408140194322F00F02116110BDF1
:107B30000123426822F00F01C86802F00F0293404F
:107B40004340CB607047000000B100477047000021
:107B500008B508460121FFF78DFF003018BF01204E
:107B600008BD000070B500231C25094805FB03F47F
:107B7000265C8E4206D12044807810B10138107006
:107B8000012070BD01330A2BF0D10020F9E700BFBE
:107B90004C0F002038B5084601211546FFF76AFF53
:107BA0000446B8B13DB9037C1BB1437C033B012BB8
:107BB00010D9022200E0062201216068627400F000
:107BC0000F03994020F00F0000F03CFBB5FA85F25E
:107BD0005209227438BD000038B508460121154607
:107BE000FFF748FF034698B1012144681A7C24F04E
:107BF0000F0004F00F04A14042B1012D14BF042274
:107C000003225A74BDE8384000F01CBB0DB9416135
:107C100038BD0161FCE700000A460121406800F020
:107C20000F03994020F00F0000F00CBB10B5C8B254
:107C30000121FFF71FFF044638B10820FDF78AFF36
:107C400018B16368014AC0E9002310BD78B000088C
:107C500008B5202383F3118808B143691BB90023B9
:107C600083F3118808BD0021143001F091FFF6E77D
:107C700070B50446FDF7F8FE034694B1E56885B19A
:107C8000228B8AB1012A0DD1202383F311886068E9
:107C900000F00F0120F00F0000F03AFB002383F307
:107CA000118870BD013A22836168A06821F00F023B
:107CB000926801F00F01CA40AC46217802F001023F
:107CC000BDE8704060470000014B0360704700BF93
:107CD00090B000082DE9F8439DF820400F46022C93
:107CE00091461D4605D0032C04D0012C1DD1022441
:107CF00000E00124114B07F00F0653F83630BBB1FA
:107D0000D5B92C4627F00F083146404600F000FB5D
:107D10002A464946384601F01DF84046224631467B
:107D200000F0C2FA0120BDE8F8832BB91C46E1E758
:107D3000002D08BF0024E5E70020F4E7A410002090
:107D40002DE9F34107460846012190461C46FFF7FE
:107D500091FE054638B1202383F3118846692EB180
:107D6000002080F3118802B0BDE8F081CDF80080DA
:107D700003464168134A3846FFF7ACFF0028F0D0AD
:107D80004FF47A7C002110480023ECFB04010F4AD9
:107D9000F9F708FD1E223146FBF7D0F9014605F13F
:107DA000140001F0E7FECDF8008004463346324669
:107DB00069683846FFF78EFF86F31188B4FA84F0BD
:107DC0004009D0E7517C00083F420F0040420F00BD
:107DD00013B5202484F311889DF810400094FFF718
:107DE00079FF002383F3118802B010BD13B5054C51
:107DF00000931346002A14BF22460022FFF7E8FF33
:107E000002B010BD497B000870B504460846002149
:107E100015461E46FFF72EFE38B133462A46416806
:107E20002046BDE87040FFF7E1BF70BD7FB5064654
:107E300002AD0846002185E80C00FFF71BFE044652
:107E400018B90023184604B070BD039B4168002B8D
:107E50009DF82030084A009308BF002203463046B0
:107E6000FFF7B6FF03460028EBD095E8030008347F
:107E700084E80300E6E700BF717C000870B51A26AD
:107E800001254C4C1C220021204602F0B7FB4A4B36
:107E90003246002104F11E006360657002F0AEFB03
:107EA000464B3246002104F13A002362257765777C
:107EB00002F0A4FB652384F83830414B32460021A0
:107EC00004F15600E36384F8395084F83A5002F024
:107ED00095FB662384F85430022384F85630394BDE
:107EE0003246002104F17200A36584F8555002F077
:107EF00085FB672384F87030032384F87230324B9B
:107F00003246002104F18E00636784F8715002F05C
:107F100075FB682384F88C30042384F88E302B4B57
:107F20003246002104F1AA00C4F8903084F88D5044
:107F300002F064FB692384F8A830052384F8AA3092
:107F4000234B3246002104F1C600C4F8AC3084F85B
:107F5000A95002F053FB6A2384F8C430062384F846
:107F6000C6301C4B3246002104F1E200C4F8C83090
:107F700084F8C55002F042FB6B2384F8E0300723FD
:107F800084F8E230144B3246002104F1FE00C4F8BC
:107F9000E43084F8E15002F031FB6C2384F8FC30CB
:107FA000082384F8FE300D4B84F8FD50C4F80031EE
:107FB00070BD00BF4C0F00200E0C0140040C0140AE
:107FC0000008014001080140080C0140090C014073
:107FD0000608014007080140000C0140010C014067
:107FE0008160828070470000826838B504465AB1CB
:107FF000037B13F0010507D143F00103037390479E
:10800000237B65F30003237338BD00007FB505466D
:1080100010220021684602F0F1FA00242B68A1B278
:10802000DE686A46102328461034B047B4F5804F06
:10803000F4D1012004B070BD00230122094910B51C
:10804000C1E90033084C04EB021050F80C0C03603B
:1080500041F832300132082AF5D14FF0FF32034B9C
:108060005A6010BD64100020D0B00008000002402B
:1080700006282DE9F04137D801271C4C8740266897
:108080003E4231D14FEA0018013044F8302004EB71
:10809000C00043603E43164B26605869DFF854C069
:1080A00040F0010058610CEB08055B6966464AB177
:1080B0006268AB681A4202D1E87B00F0DFFD6368BA
:1080C0001F43676006EB08014B68497B1A6856F846
:1080D000080022F00F021A600E228A40426000223D
:1080E0001A602846BDE8F0810025FAE764100020F8
:1080F00000100240D0B0000810B40468437B21682F
:108100004268D940126801F00E010A420ED0827B0B
:1081100001FA03F36360064B013253F832402CB18D
:1081200003EBC2035868234610BC184710BC7047C5
:108130006410002008B50348FFF7DEFFBDE80840E3
:1081400001F096BFD0B0000808B50348FFF7D4FF90
:10815000BDE8084001F08CBFE0B0000808B5034856
:10816000FFF7CAFFBDE8084001F082BFF0B0000889
:1081700008B50348FFF7C0FFBDE8084001F078BF2D
:1081800000B1000808B50348FFF7B6FFBDE8084096
:1081900001F06EBF10B1000808B50348FFF7ACFF4F
:1081A000BDE8084001F064BF20B1000808B50348ED
:1081B000FFF7A2FFBDE8084001F05ABF30B1000848
:1081C00000231A4610B51C495A50CC180833802B8E
:1081D0006260F9D1194B9A6942F07D029A619B69FC
:1081E0000268174BDA6082685A6042681A60C26897
:1081F00003F58063DA6042695A6002691A60826935
:10820000C3F80C24026AC3F80424C269C3F800242A
:10821000426AC3F80C28C26AC3F80428826AC3F809
:108220000028026BC3F80C2C826BC3F8042C426B41
:10823000C3F8002C10BD00BFA410002000100240A5
:1082400000080140032AF0B528D10161154B9F5C5D
:10825000002308221D461C461E4611F0800F4FEADF
:1082600004144FEA03134FEA06164FEA05150CBF34
:1082700044F00F043B4311F4004F0CBF46F00F06CF
:108280003D43013A4FEA4101E7D1426832402A4377
:1082900042600268224013430360F0BD042A08BF15
:1082A0004161D3E740B1000870B501240F268C402E
:1082B00001F0030321F0030101F1804100F140408E
:1082C00001F58031A0F584308D689B00C0F38320D8
:1082D000984006FA03F325EA030528438860E14342
:1082E0000A4B12F0010F986814BF204308409860B1
:1082F00012F0020FDA6814BF22430A40DA601A68EB
:1083000014431C605A680A405A6070BD0004014062
:108310000120114B70B59C68DE68884044EA060273
:10832000024217D08D080D4A023552F82520C2436B
:108330001D68144015401D605D68154032405D6049
:108340009C60DA6000225861054B43F8312003EB52
:10835000C1035A6070BD00BF00040140000001402D
:10836000A410002010B5034C204600F0C3FC024BC3
:10837000E36010BD24110020002C014038B50378C3
:108380000446012B40D12B4B984218D12A4B072190
:108390009A69192042F400629A619A69DA6842F493
:1083A0000062DA60DA6822F40062DA60DB6800F00A
:1083B00065FC07211B2000F061FC204BA36000221C
:1083C000E3681A6162689169506821F0FF01D96021
:1083D000A168B1FBF0F101399962D16909B94FF097
:1083E000FF31157DD962107803F1340103F13802B1
:1083F0009DB940F201259D6154259D6058B93120F9
:108400001862C4E9042138BD0022C3681A605A63A7
:108410009A635A62D3E71320F2E74FF481759D61A6
:1084200064259D6020B913201862C4E90412EAE7AC
:108430003120F9E7241100200010024000A24A0474
:10844000C3685A6942F001025A6100221A6105228A
:108450001A6070470022C3681A60DA6822F0FF02CF
:10846000DA607047F8B5C36804461A69DD681540DC
:10847000EAB2D2431A61436805F002071A7D05F09B
:108480000406D2B92EB10278042A20D19B680BB31E
:1084900098474FB12378042B04D16368DB680BB194
:1084A0002046984704232370EB0705D563682046D0
:1084B0001B69984703232370F8BD2FB10278042A63
:1084C0000BD19B6863B19847002EEDD0E2E7002FF7
:1084D000E8D1E9E7002FE0D1E6E7002EE2D1E3E7BB
:1084E000002EDAD1E0E7000008B50348FFF7BAFF35
:1084F000BDE8084001F0BCBD24110020FFF7F4BF27
:1085000038B50C4C0425204600F032FC4FF0804377
:108510002574A361084C204600F02AFC074B257403
:10852000A361074C204600F023FC064B2574A36191
:1085300038BD00BF3C11002058110020000400404D
:108540007411002000080040037810B5012B8269E7
:108550004ED1434B984229D1424BD96941F0010198
:10856000D961D969196941F001011961196921F0CD
:10857000010119611B693C4B436146F66803936135
:10858000D361416843690C68B3FBF4F3013B936228
:108590008368013BD362CB6A5360CB6803F00F035F
:1085A000012B2DD0022B2CD000232CE02F4B9842F6
:1085B0000DD12C4BD96941F00201D961D9691969F2
:1085C00041F002011961196921F00201D1E7284B3C
:1085D0009842D2D1234BD96941F00401D961D969BC
:1085E000196941F004011961196921F00401C0E71A
:1085F0000023136053639363D36313645362C0E730
:10860000002343F00103486900F00F00012803D064
:10861000022803D143F0200343F01003C86900F09F
:108620000F00012803D0022803D143F4007343F460
:108630008073486A00F00F00012803D0022803D19C
:1086400043F4005343F48053136201235361002326
:1086500013610B6B23F0FF03D3608523136010BD00
:108660003C1100200010024000A24A0458110020D2
:10867000741100200378022B0DD1002283691A6047
:10868000DA601A610C4B984206D10C4BDA6922F081
:108690000102DA61DB697047094B984204D1074B4C
:1086A000DA6922F00202F4E7064B9842F3D1034B59
:1086B000DA6922F00402ECE73C11002000100240CD
:1086C000581100207411002083690C3103EB8103E1
:1086D0005A6070478369002001F10C0203EB8202AB
:1086E00050600220DA6800FA01F122EA0101D96043
:1086F00070470000024AD36843F0C003D36070475C
:1087000000380140024AD36843F0C003D360704789
:10871000004800402DE9F041D0F894600546F76824
:108720003368DA059CB20DD5202383F311884FF40A
:108730000071043000F0CEFE6FF4807333600023CC
:1087400083F31188202383F3118805F1040814F0C2
:108750002F033AD183F31188380615D5210613D596
:10876000202383F3118805F1300000F081FC0028FC
:108770004DDA0821281D00F0ADFE4FF67F733B4017
:10878000F360002383F311887A0616D5630614D5A7
:10879000202383F31188D5E911239A420AD1AB6BC8
:1087A00043B127F040073F041021281D3F0C00F083
:1087B00091FEF760002383F31188D5F89C20D368DD
:1087C0003BB3BDE8F04110691847230713D014F0FC
:1087D000080F0CBF00218021E00748BF41F02001B5
:1087E000A20748BF41F04001630748BF41F48071D0
:1087F000404600F06FFEA406736805D595F8981002
:108800002846194000F0F2FC3468A4B29FE770607B
:10881000B7E7BDE8F081000008B50348FFF77AFF2D
:10882000BDE8084001F024BC9011002008B50348C1
:10883000FFF770FFBDE8084001F01ABC30120020BD
:1088400010B5094C094A2046002100F089FC084B6C
:10885000084AC4F89430084C0021204600F080FCFF
:10886000064BC4F8943010BD90110020F586000826
:108870000038014005870008301200200048004001
:1088800038B5244D037A002918BF0D46012B044644
:10889000C0F89C500CD1204B98422ED10C212520A1
:1088A0001E4B9A6942F480429A619B6900F0E6F996
:1088B00029681B4AD4F8943002EB5102B2FBF1F262
:1088C0009A60EA8842F040021A612A8942F0010265
:1088D0005A61AA8842F4045141F02C01D960002168
:1088E00002F4A0521960B2F5806F19685B680CBF82
:1088F0007F23FF2384F8983038BD0A4B9842D7D1A4
:10890000064B0C21DA69272042F48022DA61DB6908
:10891000CCE700BF54B100089011002000100240C5
:108920000051250230120020037A022B1CD10022B4
:10893000D0F89430DA601A615A610C4B984208D131
:1089400025200B4B9A6922F480429A619B6900F0C2
:10895000ABB9084B984207D1054B2720DA6922F4BE
:108960008022DA61DB69F2E7704700BF90110020D6
:108970000010024030120020436800F11C01DB6847
:10898000002B436908BF20225B6818BF2222D960F0
:1089900001215960C1680A431A601A6842F0010255
:1089A0001A607047436910B559680A6822F00F02CF
:1089B0000A605A7B19680E2303FA02F24A60826940
:1089C0005468216821F00F0121601168527B9340A7
:1089D00000224B608368DA601A615A6110BD0000A2
:1089E000836910B5596804460A6822F00F020A60CC
:1089F000597B1A680E238B405360022343704368EF
:108A00001B6803B198476378022B04BF002363708F
:108A100010BD0000837870B5416804462BB9CB685F
:108A2000EBB1BDE87040818B184743695D682A68E7
:108A300022F00F022A605D7B1A680E23AB40536060
:108A4000022383708B6803B19847A378022B06D169
:108A500000232046A370BDE87040FFF78DBF70BDB6
:108A60002548F8B5426805465369002B3FD1846814
:108A7000E7682668636840F20F131E421CD06FF44B
:108A8000807312692360BAB1B3B213F0080F0CBF40
:108A900000211021D80748BF41F00401980748BFC2
:108AA00041F00801580748BF41F02001DB0548BFED
:108AB00041F04001104890476B685B680BB10E486D
:108AC000984770060BD5790609D56FF040032360EF
:108AD0003B40E3606B685B680BB107489847FA0658
:108AE00006D5F30604D56B689B690BB1024898471D
:108AF000BDE8F84001F0BCBAD012002010B5064C19
:108B0000204600F08DFB0823044A2361C4E90223B8
:108B10000023C4E9053310BDD012002000440040FA
:108B200038B503780446012B33D12C4B984217D12A
:108B300003462B4A0C210520FFF79AFA2346606171
:108B4000284A0C210620FFF793FA274BA061DA6927
:108B50000C2142F40032DA612620DB6900F08EF845
:108B600063681B8C03F4A053B3F5805F07D1E368FF
:108B700043F4A063E360236943F4A0632361636962
:108B80005A68A36804339360A26952689360002313
:108B9000A38300232046A3706370A568FFF702FF3C
:108BA0006268124BD16903EB5103B3FBF1F3AB6085
:108BB0002B686B6800232B60538C43F040032B61C0
:108BC000938C43F0C1036B61138C43F4045343F063
:108BD0000C03EB60BDE83840FFF7CEBED01200209A
:108BE000158A0008E18900080010024000512502A2
:108BF00070B5446963681D6825F00F051D60667BCC
:108C000025680E24B4406C60DA60C268596042F096
:108C100082021A601A6842F001021A6070BD0000F8
:108C200010B5134C204600F059F842F28A52002049
:108C30002262104A104B9169C4E9063041F4007178
:108C40009161916901215860996009219960996841
:108C50000907FCD405219960996811F00401FBD142
:108C60009960936923F400739361936910BD00BF09
:108C7000F0120020001002400024014000F1604387
:108C8000090103F56143C9B283F80013012300F021
:108C90001F024009800000F16040934000F56140F0
:108CA000C0F8803103607047012100F01F03994034
:108CB0004209044B203243F822100022034483F877
:108CC0000023704700E100E0090100F16040C9B2F3
:108CD00000F56D4001767047FFF7A2BF01230370D6
:108CE0000023C0E90133C0E903334361704700004A
:108CF000FFF738BB01230370002343607047000077
:108D000010B52023044683F311884160FFF736FB3A
:108D100002232370002383F3118810BD10B5202394
:108D2000044683F31188FFF78BFB03232370002392
:108D300083F3118810BD000010B52023044683F38F
:108D40001188FFF787FB02232370002383F3118828
:108D500010BD0000044B00F00F0043F8301003EB8F
:108D6000C0035A60704700BFA4100020FFF7C8BBC3
:108D70000123037000234360C36003747047000045
:108D800010B52023044683F311884B68416083604B
:108D9000FFF7DAFB00230222E360227083F31188DD
:108DA00010BD000010B52023044683F31188FFF79F
:108DB00061FC00230122E3606360227083F3118869
:108DC00010BD0000202383F311888369816001397D
:108DD000D962002383F311887047000038B520233F
:108DE00083F31188012303FA01F4C3682343C360AA
:108DF000FFF76AFC002383F3118838BD10B52023E8
:108E000083F31188012303FA01F2C36823EA020302
:108E1000C360FFF75FFC002383F3118810BD0000DF
:108E2000F8B5154682680B46AA428169066938BFC3
:108E30008568761AB542044607D218462A4601F0DC
:108E4000D1FBA3692B44A3610DE011D9324618462A
:108E500001F0C8FBAF1B3A46E168304401F0C2FBA9
:108E6000E2683A44A261A36828465B1BA360F8BD90
:108E700018462A4601F0B6FBE368E4E72DE9F04125
:108E8000154683680446934238BF8568D0E904607C
:108E9000361AB5420F4606D22A4601F0A3FB636993
:108EA0002B4463610DE012D93246A5EB060801F0B0
:108EB00099FB4246B919E06801F094FBE26842442C
:108EC0006261A36828465B1BA360BDE8F0812A4667
:108ED00001F088FBE368E4E710B50024C361029B5E
:108EE0000A44C0E900008460C160C0E90511026164
:108EF000036210BDC2686FF00101C0E905220022C3
:108F0000826000F06BBE000008B5D0E905329342E4
:108F100001D1826892B98268013282605A1C426132
:108F20001970D0E904329A4228BFC3684FF000019B
:108F300028BF436100F046FE002008BD4FF0FF301F
:108F4000FBE7000070B5202304460E4683F311882A
:108F5000A568A5B1A368A269013BA360531CA361E6
:108F600015782269934224BFE368A361E3690BB1DA
:108F700020469847002383F31188284607E03146AE
:108F8000204600F00FFE0028E2DA85F3118870BD5C
:108F90002DE9F74F05460F4690469A46D0F81C90AB
:108FA000202686F311884FF0000B144664B1224648
:108FB00039462846FFF734FF034668B9514628462C
:108FC00000F0F0FD0028F1D0002383F31188A8EB16
:108FD000040003B0BDE8F08FB9F1000F03D0019099
:108FE0002846C847019B8BF31188E41A1F4486F377
:108FF0001188DBE7C361009BC160C0E90511114422
:10900000C0E900008260016103627047C1680269C3
:10901000C0E90511521A82606FF0010100F0DEBD57
:10902000F8B504460E461746202383F31188A56839
:10903000A5B1A368013BA36063695A1C62611E70FD
:10904000D4E904329A4224BFE3686361E3690BB157
:1090500020469847002080F3118807E039462046D3
:1090600000F0A0FD0028E2DA85F31188F8BD0000C9
:10907000D0E905239A4210B501D182687AB9826895
:109080000021013282605A1C82611C7803699A4275
:1090900024BFC368836100F095FD204610BD4FF0EA
:1090A000FF30FBE72DE9F74F05460F4690469A46FD
:1090B000D0F81C90202686F311884FF0000B144640
:1090C00064B1224639462846FFF7D8FE034668B900
:1090D0005146284600F066FD0028F1D0002383F3B6
:1090E0001188A8EB040003B0BDE8F08FB9F1000FC0
:1090F00003D001902846C847019B8BF31188E41ADE
:109100001F4486F31188DBE70C30FFF741BF0000F6
:109110004FF0FF330C30FFF73BBF00003030FFF75C
:10912000C1BF00004FF0FF333030FFF7BBBF00007E
:109130000C30FFF707BF00004FF0FF310C30FFF796
:1091400001BF00003030FFF76BBF00004FF0FF326F
:109150003030FFF765BF000000207047FFF770BB9D
:10916000034637B515460D4A044643F8042B4360C1
:1091700001232022037200900B4600F154010C30B1
:10918000FFF7AAFE00942B46202204F1740104F19B
:109190003000FFF72FFF03B030BD00BF68B10008FB
:1091A00010B52023044683F31188FFF769FB0223DF
:1091B0002372002383F3118810BD000010B5202313
:1091C000044683F31188FFF7AFFB012304F130005D
:1091D0002372FFF71BFF04F10C00FFF78BFE00F07A
:1091E00073FB002383F3118810BD000038B5436979
:1091F00004460D461BB90421084400F06BF92946CA
:1092000004F10C00FFF780FE002806DA201D4FF461
:109210008061BDE8384000F05DB938BDFFF76EBC35
:109220000123037000234370837043607047000084
:1092300010B52023044683F311884160FFF770FCCA
:1092400002232370002383F3118810BD10B520235F
:10925000044683F31188FFF7CBFC0123A37000239E
:1092600083F3118810BD00000448054B0360002300
:10927000C0E901330C3000F07FB900BF14130020A7
:1092800031A1000810B40024CB1D23F00703083AD5
:10929000591A521AD208C0E9004384601C605A600F
:1092A0000C3010BC00F068B92DE9F84F354FCD1DDA
:1092B000002818BF0746082A38BF0822914607F140
:1092C0000C0840460E46ED0800F09AF909F1FF3A05
:1092D00007F1040CC9F1000BDCF800306BB9404613
:1092E00000F0BAF93C68A4B308224946E800A04758
:1092F000044670B340E902762BE003F10801D3F88D
:1093000004E001EB0A0202EA0B020EF10104A2F1F1
:10931000080003EBC404844232D9A21AD210AA4234
:109320002ED3834218D2411AC910AA42596009D9D2
:109330006C1CED4300EBC4012A444A601A6840F8F3
:10934000342019600446466044F8087B404600F02B
:1093500083F92046BDE8F88FAE45196803D1CCF8F3
:1093600000101846EEE7013503EBC50243F835104F
:1093700002F10801641AE4105460CCF80020F0E710
:109380009C46A9E714130020F8B550F8043C50F8A7
:10939000086C0733DB08371D0C3640F8043C0446E4
:1093A000A0F10805304600F02BF93B46BB421A6895
:1093B00001D09D4229D90AB1954226D244F8082C01
:1093C00054F8042C1D60013254F8080C05EBC2015E
:1093D000814207D14968114455F8322044F8041CF1
:1093E00044F8082C5868411C03EBC1018D4207D199
:1093F00054F8042C013202445A6054F8082C1A60C4
:109400003046BDE8F84000F027B91346CEE700002B
:109410002DE9F041134C8846002818BF044604F19A
:109420000C063046174600F0EBF80023201D1D46C1
:109430001C46006870B9B8F1000F02D0E400C8F80B
:1094400000400FB1DB003B60304600F005F92846D4
:10945000BDE8F081426801359342144438BF134699
:10946000E7E700BF1413002010B5202484F311880F
:1094700004680C60016005488069C1E901020022AE
:10948000C1E9032382F3118810BD00BF341300200B
:10949000202383F311880023C268C36083F31188FB
:1094A0000069104070470000C36A194390F82030EB
:1094B000C1620A2B03D1436A194205D170470B2BB5
:1094C00006D1436A8B4303D10023436200F028B9DD
:1094D0007047000070B506460D460468B44200D1DE
:1094E00070BDE3682B43E36015B123691D4203D0CF
:1094F000D4E90101FFF7D8FF2468EFE708B520237E
:1095000083F31188FFF7D0FF00F0DEF9002383F327
:10951000118808BD0F4A70B595690646202282F36E
:109520001188EC6A04400CD119B984F311882046E3
:1095300070BD68620A2000F059F90028F5DBEC6A7A
:109540003440EB6A23EA0403EB62002383F31188BF
:10955000EDE700BF341300200B4610B51B6899429D
:1095600003D09C6882689442F8D25A6803604260D3
:109570001060586010BD00000023C0E90000836047
:109580000361704770B51D4B846805469E696CB3D6
:10959000B44214D103690133036170BDA36094F830
:1095A00020308BB1062B17D1D4E900231A60226832
:1095B000616A53602046FFF7CFFF636A9C68B36817
:1095C000A2689A42EAD307E0D4E900231A6022682D
:1095D0002046536000F0A4F830462946FFF7BCFF50
:1095E00075620620BDE8704000F0E2B8036986604D
:1095F00001330361336BC3603063CEE73413002063
:1096000008B5202383F31188FFF7BCFF002383F301
:10961000118808BD0A4B82689B6932B19A420CD10D
:1096200003690133036101207047026983600132DD
:1096300002611A6BC2601863F5E70020704700BF33
:109640003413002008B5202383F31188FFF7E2FFCD
:10965000002383F3118808BD174A034610B59069AB
:10966000202282F31188196901391961A9B91C688E
:10967000DA689C4202631DD0416B92B9012281607D
:1096800018681A6102681A605360026B9860DA60A9
:10969000036300F045F800F017F9002383F3118805
:1096A00010BD1468A24203D0A468A14238BF21466D
:1096B000D268E2E7A160F0E734130020202383F3AF
:1096C0001188054B186990F82230013380F8223058
:1096D000002383F3118870473413002010B5202332
:1096E00083F3118800220469074B9C4217BF94F84A
:1096F00022301446013384F8223082F3118800F0BE
:10970000CBF9204610BD00BF341300200022034BCC
:10971000C3E900339A60C3E904337047341300206F
:109720000023826880F82030054B1B6899689142BD
:10973000FBD25A680360426010605860704700BFF7
:109740003413002008B5202383F3118890F82020DB
:109750000023052A06D8DFE802F00B050503120EE8
:10976000426A13604FF0FF334362FFF7D9FF0023D3
:1097700083F3118808BD426A936801339360D0E98E
:1097800000231A6002685360ECE70000002382683F
:1097900080F82030054B1B6899689142FBD85A68C5
:1097A0000360426010605860704700BF34130020AF
:1097B00038B50D4CA569226885F8200011684C6009
:1097C00021600121A26182F82010EFF30982E9698A
:1097D000243A914202D9284600F0C6FB2946A069E6
:1097E000BDE83840F8F7E2B93413002030B54B1C1F
:1097F00087B005460A4C10D0A3690A4A01A800F0B8
:1098000053FA2846FFF7D4FF049B13B101A800F0D8
:1098100067FAA369586A07B030BDFFF7C9FFF8E7D8
:10982000341300204597000870B5114E4162B369AA
:1098300081689A680446914203D8BDE87040FFF7FA
:109840006FBF1846FFF7A2FF01230546B46184F8F5
:109850002030EFF30983C269243B9A4201D900F01A
:1098600083FB29462046BDE87040F8F79FB900BF4A
:1098700034130020044B1A689B6990689B689842D7
:1098800094BF0020012070473413002038B50D4CE0
:109890002368A0691A6854602260012283F820209E
:1098A000A361FFF773FF0546EFF30983C269243B09
:1098B0009A4201D900F058FB2946A069BDE838401A
:1098C000F8F774B93413002008B5FFF7D3FF18B1C7
:1098D000BDE80840FFF7DABF08BD0000FFF7D6BFBC
:1098E000C0E9000081607047836810B5013B002B20
:1098F00083600DDA074C4268A369586218605A60A9
:10990000136043600520FFF753FFA369586A10BD39
:109910000020FCE73413002008B5202383F31188CE
:10992000FFF7E2FF002383F3118808BD8268034636
:109930000132002A826007DC006802681A60536006
:1099400000234362FFF7ECBE70470000FEE7000013
:1099500010B5114CFFF7DAFE00F098F900F0CAFBE1
:10996000FFF782FC00F07AF980220C49204600F0D3
:1099700043F80B4B44F8180CC361012380F82030E6
:1099800000F052FB002383F3118862B6BDE810405B
:10999000044800F069B800BF6413002090B10008CB
:1099A00000020020A8B1000808B572B6034BD862C7
:1099B00000F038FA00F0D6FAFEE700BF34130020BA
:1099C00000F0A0B9EFF3118020B9EFF30583202256
:1099D00082F311887047000010B530B9EFF30584A9
:1099E000C4F3080414B180F3118810BDFFF76CFFB5
:1099F00084F31188F9E70000826042630022C0E925
:109A00000B2202220284012280F82220054A816171
:109A10005169026141610861506100F1280282626E
:109A2000704700BF34130020884200D3704700F80D
:109A3000012BF9E7D0E9012343F81C2CA3F15C02C8
:109A400043F82C2C0269016843F85C2C426943F806
:109A5000582C044A43F83C2CC268A3F13800FFF7A5
:109A6000CBBF00BFBD1B00085521D0E9013210B5A6
:109A70009A420DD8202383F31188FFF7DBFF0021E2
:109A80000446FFF7D1FE002383F31188204610BD62
:109A900003F8011BECE70000202383F3118890F802
:109AA0002230013B80F82230036A03F0FF130F2BB2
:109AB00010D1D0E904231A6102695361002383F3B2
:109AC000118890F8213003F00303012B05D1C06900
:109AD000FFF75ABC002383F31188704738B50F4B4A
:109AE0009C69606204F12805A06AA84210D194F82C
:109AF000223043B994F821309B0701BFD4E90423F5
:109B00001A61226953610F20BDE83840FFF750BE4B
:109B10000368A362FFF704FEE6E700BF34130020EA
:109B2000202383F31188FFF7D9BF000010B520234D
:109B300083F31188084B9B695C6B9968A14201D043
:109B4000814200D298605863FFF7BEFE002383F382
:109B50001188204610BD00BF3413002008B501460F
:109B6000202383F311880820FFF740FE002383F3AE
:109B7000118808BD054B9B6921B103605862032021
:109B8000FFF734BE4FF0FF30704700BF34130020A2
:109B900003682BB10022026059621846FFF7C0BD6E
:109BA0007047000049B1064B42689B6918605A60D3
:109BB000136043600420FFF719BE4FF0FF30704779
:109BC000341300200368984206D01A68026050607F
:109BD00059621846FFF7A4BD7047000038B5044627
:109BE0000D462068844200D138BD036823605C6064
:109BF0004562FFF795FDF4E700234FF0FF32C0E91F
:109C00000233C0E9002300220023C0E90423704787
:109C1000014B5B6883607047001000E00D4A0E4BFB
:109C2000916EC2685B680132C260826830B5D0E96B
:109C300004459B1A5B1AE11845F10002C0E90412C1
:109C4000426883609342026888BF4360934238BF92
:109C5000036030BD34130020001000E0002330B555
:109C6000094C87B06846A3660425FFF7C5FF684620
:109C7000FFF7CEFF6846FFF7D1FF013DF7D1009B0C
:109C8000A36607B030BD00BF34130020054B03F1BD
:109C90001C02C3E907224FF0FF325A6200229A6287
:109CA000704700BF3413002010B5C0E903230B4AEE
:109CB000936AD3699C68A1420CD85C688160036098
:109CC0004460206058609868411A99604FF0FF33F3
:109CD000536210BD091B1B68ECE700BF3413002062
:109CE000036881689A680A449A604268136003684E
:109CF0005A6000234FF0FF32C360014B5A62704735
:109D00003413002038B50F4C2146A26A0132A262FA
:109D100051F81C2F8A4206D020259368013B93609E
:109D2000E3699A6802B138BDD3E900010860186898
:109D30004160D968DA6082F311881869884785F331
:109D40001188EDE73413002000207047FEE7000083
:109D5000704700004FF0FF307047000038B50446F0
:109D600010B90023184638BD11F005050DD0073491
:109D7000012924F00704F4D1082221460020FFF72E
:109D800093FA034658B915B1EBE70229F4D108223A
:109D900021460020FFF788FA03460028E1D0184644
:109DA0002246002100F02AFC0346DBE77047000052
:109DB0000021FFF7D3BF00000121FFF7CFBF000054
:109DC0000221FFF7CBBF00004843FFF7F1BF0000BF
:109DD00008B1FFF7D9BA704707B5002202A941F8C8
:109DE000042D1046FFF714FB00F0ACF9019B18445A
:109DF00003B05DF804FB000013B5049CCDE900340A
:109E000013460A460146002000F0A4F902B010BD36
:109E1000024B0360024B01200B607047701400205E
:109E2000C8B100084FF4A0414FF0005000F098B8BE
:109E30002DE93048FFF7C6FD4FF47A730F49104AF9
:109E40008C6A116803FB04F38B420E4912D2D1E9EC
:109E5000004514F1000B45F1010CC1E900BC1BEBFE
:109E600003044CF100051360FFF7B6FD20462946B8
:109E7000BDE83088D1E900BCF1E700BF3413002011
:109E800090140020981400202DE9D8484FF47A74DB
:109E9000FFF798FD0B4A0C4B916A1A6804FB01F41A
:109EA000944208D2094AD2E9006716F1000B47F143
:109EB000010CC2E900BC1C60FFF78EFD2046BDE826
:109EC000D88800BF3413002090140020981400207C
:109ED00008B5FFF7ADFF4FF47A720023F7F762FC85
:109EE00008BD00BF032910D8DFE801F002070B10FE
:109EF000836943EA021282617047836943EA02324E
:109F0000F9E7C36943EA0212C2617047C36943EAD1
:109F10000232F9E7F8B506460F46FFF789FF8F4290
:109F200008BF864205D3341A024B67EB0105C3E92B
:109F30000045F8BDA014002008B5FFF779FF034BDA
:109F4000D3E900238018594108BD00BFA0140020A8
:109F50007047000070470000704700007047000025
:109F600070470000704700007047000003461A6801
:109F7000191DB2F1553F01D0181A70470B46F6E78C
:109F800045F25552064B1A6002225A6040F6FF72A3
:109F90009A604CF6CC421A600122024B1A7070474C
:109FA00000300040AC140020034B1B781BB14AF674
:109FB000AA22024B1A607047AC1400200030004007
:109FC000034B1A6812B9034A12681A60704700BF3F
:109FD000A8140020241002404FF08072014B1A6038
:109FE000704700BF2410024008B5FFF7E9FF024B9D
:109FF0001868C0F3407008BDA8140020CAB201461A
:10A000000120FFF7A5BF0000CAB201460120FFF7FB
:10A01000A1BF0000EFF30983203383F309880023F5
:10A0200083F3118870470000202080F3118862B606
:10A030000B4B0C4AD96821F4E0610904090C0A436E
:10A040000949DA60CA6842F08072CA6007490A6842
:10A0500042F001020A601022DA7783F8220070478A
:10A0600000ED00E00003FA05F0ED00E0001000E074
:10A0700010B5202383F311880B4B5B6813F4006346
:10A080000FD0EFF309844FF08073203CE36184F339
:10A090000988FFF7EFFB10B1044BA36110BD044B1F
:10A0A000FBE783F31188F9E700ED00E0CF1B000820
:10A0B000D21B000870470000FEE70000084A094B69
:10A0C00009498B4204D30021084A934205D37047C3
:10A0D00052F8040F43F8040BF3E743F8041BF4E7CA
:10A0E00058B20008B8140020B8140020B81400209A
:10A0F00070470000024B034A1A60034A5A607047D7
:10A10000B0140020B814002000500020074B10B5F8
:10A110005C684942201A08401968821A914203D8A3
:10A12000944201D35A6010BD0020FCE7B014002017
:10A1300008B5202383F31188FFF7E8FF002383F39A
:10A14000118808BD024B58681B68C01A704700BFD1
:10A15000B0140020F0B5174687B008220E461D4601
:10A16000FFF7A2F80446D8B10C9B811904930D9B0C
:10A1700055220593CDE90070CDE90215FFF754FC97
:10A18000202383F311886846FFF754FC0123002144
:10A1900080F821300446FFF747FB002383F3118842
:10A1A000204607B0F0BD000000F038B808B500F058
:10A1B0006BF9FFF7CDFBFFF703FFFFF70DFFBDE8DE
:10A1C0000840FFF7F3BD0000704700004FF0FF317B
:10A1D00008B5104B1A6919611A6900221A611869C9
:10A1E000D868D960D968DA60DA68DA6942F08052F2
:10A1F000DA61DA69DA6942F00062DA61064ADB693B
:10A20000136843F480731360FDF716FFBDE8084040
:10A2100000F01AB90010024000700040194B1A6893
:10A2200042F001021A601A689007FCD51A6802F021
:10A23000F9021A6000225A605A6812F00C0FFBD122
:10A240001A6842F480321A601A689103FCD55A6881
:10A2500042F4E8125A601A6842F080721A601A6872
:10A260009201FCD51221084A5A60084A11605A68C6
:10A2700042F002025A605A6802F00C02082AFAD12F
:10A28000704700BF0010024000641D000020024023
:10A29000084A08B5516913680B4003F00103536184
:10A2A00023B1054A13680BB150689847BDE80840D0
:10A2B000FFF7DEBE00040140A4100020084A08B5E4
:10A2C000516913680B4003F00203536123B1054A3F
:10A2D00093680BB1D0689847BDE80840FFF7C8BE47
:10A2E00000040140A4100020084A08B55169136811
:10A2F0000B4003F00403536123B1054A13690BB10A
:10A3000050699847BDE80840FFF7B2BE000401401D
:10A31000A4100020084A08B5516913680B4003F0E7
:10A320000803536123B1054A93690BB1D06998477B
:10A33000BDE80840FFF79CBE00040140A4100020C7
:10A34000084A08B5516913680B4003F010035361C4
:10A3500023B1054A136A0BB1506A9847BDE808401B
:10A36000FFF786BE00040140A4100020174B10B573
:10A370005A691C68144004F478725A61A30604D523
:10A38000134A936A0BB1D06A9847600604D5104A05
:10A39000136B0BB1506B9847210604D50C4A936B95
:10A3A0000BB1D06B9847E20504D5094A136C0BB189
:10A3B000506C9847A30504D5054A936C0BB1D06C3B
:10A3C0009847BDE81040FFF753BE00BF00040140AE
:10A3D000A41000201A4B10B55A691C68144004F4EC
:10A3E0007C425A61620504D5164A136D0BB1506D5B
:10A3F0009847230504D5134A936D0BB1D06D984748
:10A40000E00404D50F4A136E0BB1506E9847A104B7
:10A4100004D50C4A936E0BB1D06E9847620404D5F4
:10A42000084A136F0BB1506F9847230404D5054AAF
:10A43000936F0BB1D06F9847BDE81040FFF718BE7F
:10A4400000040140A4100020062108B50846FEF7CC
:10A4500015FC06210720FEF711FC06210820FEF757
:10A460000DFC06210920FEF709FC06210A20FEF753
:10A4700005FC06211720FEF701FCBDE80840062177
:10A480002820FEF7FBBB000008B5FFF79FFE094838
:10A49000FDF796FEFEF720FCFEF72AFCFEF766FCB1
:10A4A000FEF75CFEFEF7BAFEFFF78EFEBDE8084041
:10A4B00000F002B8D4B1000800F000B8054B064A1D
:10A4C00008215A6000229A6007220B201A60FEF7CA
:10A4D000FBBB00BF10E000E03F19010008B52023DE
:10A4E00083F31188FFF76CFA002383F3118808BD0A
:10A4F00008B5FFF7F3FFBDE80840FFF7B9BD00005E
:10A500000B460146184600F05FB8000030B5C0F3B6
:10A51000C754A4F17F021E2A83B024DC531C1FDB26
:10A52000162A4FEAD07522DC144B014653F8254019
:10A530002046F6F723FE019001982146F6F71CFE0F
:10A5400030F000430CD0C0F31603C0F3C75243F4FD
:10A550000000C2F19603D8401DB1404203B030BDA7
:10A56000002003B030BDF7F7D7F803B030BDC0F31B
:10A57000160040F40000963CA040EDE710B2000841
:10A5800008B5C0F3C7537F3B162B01460EDC002BEA
:10A59000024610DB0B481841014205D04FF4800100
:10A5A0001941114421EA0001084608BD802BFBD166
:10A5B000F6F7E4FD08BD013300F00041F4D141F0AD
:10A5C0007E51F1E7FFFF7F0010B5054C13462CB11B
:10A5D0000A4601460220AFF3008010BD2046FCE78A
:10A5E0000000000010B5431E0A44914200D110BD86
:10A5F00011F8014B03F8014FF7E70000034602444E
:10A60000934200D1704703F8011BF9E770B5044687
:10A61000013902B970BD234611F8015F561E03F8D7
:10A62000015B2DB91444A342F4D003F8015BFAE7AF
:10A630001C463246EDE70000034610B501448B424C
:10A6400002D01A785C1C0AB9181A10BD2346F6E726
:10A6500000020301040506070809000000C201000A
:10A6600000000000000000000000000000000000EA
:10A67000A08601000014002000000000000000007F
:10A68000000000000000000000000000F1300008A1
:10A69000F530000800070E091C1B1215383F363133
:10A6A00024232A2D70777E796C6B6265484F464172
:10A6B00054535A5DE0E7EEE9FCFBF2F5D8DFD6D162
:10A6C000C4C3CACD90979E998C8B8285A8AFA6A152
:10A6D000B4B3BABDC7C0C9CEDBDCD5D2FFF8F1F642
:10A6E000E3E4EDEAB7B0B9BEABACA5A28F88818632
:10A6F00093949D9A2720292E3B3C35321F18111622
:10A7000003040D0A5750595E4B4C45426F68616611
:10A7100073747D7A898E878095929B9CB1B6BFB801
:10A72000ADAAA3A4F9FEF7F0E5E2EBECC1C6CFC8F1
:10A73000DDDAD3D4696E676075727B7C51565F58E1
:10A740004D4A4344191E171005020B0C21262F28D1
:10A750003D3A33344E49404752555C5B7671787FC1
:10A760006A6D64633E39303722252C2B0601080FB1
:10A770001A1D1413AEA9A0A7B2B5BCBB9691989FA1
:10A780008A8D8483DED9D0D7C2C5CCCBE6E1E8EF91
:10A79000FAFDF4F300C201000001000000C2010054
:10A7A00000010100A0860100020201009A5B060080
:10A7B0000001000080841E00000100000000000075
:10A7C0000000000009380008253800080D3800088E
:10A7D0001138000815380008193800081D3800081D
:10A7E000213800080000000000000000E1390008E6
:10A7F000E5390008E93C0008153D00081538000857
:10A80000D5390008DD390008213800081F00000094
:10A810003F0000007F000000FF000000FF0100007B
:10A82000FF030000FF070000FF0F0000FF1F0000F4
:10A83000FF3F0000FF7F0000FFFF0000000000005E
:10A8400000000000353D0008393D0008E13E0008E9
:10A85000193F000815380008193800081D3800088D
:10A8600021380008000000000000000045400008FA
:10A870001D4000089540000835400008D140000800
:10A880000D4100082140000829400008314000081F
:10A89000854000087540000800000000000000002E
:10A8A00000000000000000006D430008515A00083D
:10A8B000515A0008714300087543000879430008A5
:10A8C0007D430008515A0008515A0008515A0008A7
:10A8D0009543000899430008B1430008B9430008B4
:10A8E000C5430008C9430008CD430008000000002C
:10A8F00000000000515A00080000000000000000A5
:10A90000B1440008B9440008F1430008F5430008C9
:10A91000F94300080000000000000000FD430008AB
:10A920000144000805440008094400080000000034
:10A9300000000000C1440008D94400086D4300082D
:10A940000D440008114400087143000875430008D5
:10A95000794300087D430008194400081D4400089D
:10A96000D54300089543000899430008B143000807
:10A97000B9430008C5430008C9430008CD43000897
:10A9800015440008D1430008D94300080000000026
:10A990000000000079440008DD430008E14300089E
:10A9A000E543000800000000000000002D440008FE
:10A9B0003144000835440008394400083D4400088B
:10A9C0004144000845440008696F6669726D77610B
:10A9D000726500000000000000000000ED45000866
:10A9E000F0490200E0930400C0270900804F1200E4
:10A9F00000350C0060E3160054494D455256310AAB
:10AA00000054494D252D327520434C4B3D2534755E
:10AA10004D687A204D4F44453D25357320465245BB
:10AA2000513D253875205447543D2538750A00009E
:10AA300052434F75743A20496E697469616C697349
:10AA4000696E670052434F75743A204E6F6E650011
:10AA500052434F75743A00000000000000000000EF
:10AA6000BD4C0008894E0008314F0008554F0008C2
:10AA7000814F000865540008314800083548000837
:10AA8000394800083D48000841480008454800088A
:10AA900089490008C554000835490008F5490008EF
:10AAA0005149000861490008B5490008A14900085A
:10AAB000AD490008754800087D480008894800082D
:10AAC000494800084D48000891490008451C000805
:10AAD000894B000895490008994900089D490008DC
:10AAE000F1510008214A0008D5480008B94900087A
:10AAF000C94800085548000859480008394C000862
:10AB00005D48000861480008654800086948000879
:10AB1000B94F000835560008AD5000083D550008F3
:10AB20006D480008714800084BAA000874AB000883
:10AB300078AB00087DAB000883AB000889AB000848
:10AB40008FAB000895AB00089BAB0008A2AB0008D8
:10AB5000A7AB000825732025733A257500257320BF
:10AB600025733A25752D257500000000556E6B6E16
:10AB70006F776E0050574D004F6E6553004F533145
:10AB800032350042727573680044533135300044E9
:10AB90005333303000445336303000445331323078
:10ABA00030004E656F500050726F66694C4544002E
:10ABB0000000000000000000595E0008755E0008FB
:10ABC000515D0008695D00088D5D0008915D000819
:10ABD0009D5D0008295E0008995D000800000000E6
:10ABE000000000008565000885650008A165000873
:10ABF00089650008896500087D650008000000007F
:10AC000000000000A5650008B1650008A9650008FE
:10AC1000716500087565000879650008000000008E
:10AC200000000000ED650008F5650008D965000822
:10AC3000E1650008056600080966000800000000DC
:10AC400000000000216600080D8000082966000849
:10AC50002566000815660008196600081D660008CC
:10AC60000000000000000000595E0008755E00084A
:10AC7000D5660008D9660008C5660008CD660008DC
:10AC8000BD660008295E0008C9660008B1660008B4
:10AC900041660008B5660008B9660008B966000894
:10ACA000BD660008C1660008BD6600084966000868
:10ACB0004D66000851660008556600085D6600088C
:10ACC000696600086D660008716600087566000810
:10ACD000796600087D6600088166000885660008C0
:10ACE0008966000891660008996600089D6600085C
:10ACF000A1660008A5660008A9660008AD66000800
:10AD00000000000000000000096700080D6700084F
:10AD10003968000859680008153800081938000813
:10AD20001D38000821380008000000000000000065
:10AD3000796800087D6800088968000811380008F3
:10AD400015380008193800081D3800082138000897
:10AD50000000000000000000096900080D690008FB
:10AD60009D6A0008CD6A00081538000819380008E7
:10AD70001D38000821380008000000000000000015
:10AD8000ED6A0008F16A0008696D00088D6D000821
:10AD900015380008193800081D3800082138000847
:10ADA0000000000000000000AD6D0008B16D00085B
:10ADB000616E0008816E0008153800081938000817
:10ADC0001D380008213800080000000000000000C5
:10ADD0008D6E0008916E0008D5700008F9700008AB
:10ADE00015380008193800081D38000821380008F7
:10ADF0004F7574206F6620494F2070726F636573C2
:10AE00007365730A000000004F7574206F6620742C
:10AE1000696D65722070726F6365737365730A0084
:10AE200050414E49433A207363686564756C65729E
:10AE30003A3A7365745F73797374656D5F696E69AF
:10AE40007469616C697A65642063616C6C65646DBA
:10AE50006F7265207468616E206F6E63650000001C
:10AE600000000000000000006D720008CD720008B4
:10AE7000E57300088972000811760008357400082F
:10AE800015740008E17F0008217200084D73000866
:10AE90005974000831720008C17300082D7200084F
:10AEA0003572000829720008B5720008D9730008CD
:10AEB000DD730008E97F00083975000800B601B4A9
:10AEC00002B503B004B205B506B5073C08B1093AAE
:10AED0000A3C0B3B0C0200000000000000000000D8
:10AEE0006976000855760008D9650008497600089B
:10AEF000457600085D760008546872656164735693
:10AF0000320A4953522020202020202020202020B7
:10AF10005052493D3235352073703D2570205354D1
:10AF200041434B3D25752F25750A00252D31332EC4
:10AF3000313373205052493D2533752073703D25C0
:10AF40007020535441434B3D25752F25750A000051
:10AF5000696F6D63755F663130335F384D487A00D5
:10AF60002573204147303030253032582530325853
:10AF7000253032582530325820253032582530328D
:10AF80005825303258253032582025303258253057
:10AF90003258253032582530325800004D656D4901
:10AFA0006E666F56310A0053544152543D30782535
:10AFB000303878204C454E3D2533756B2046524540
:10AFC000453D253675204C52473D25367520545950
:10AFD00050453D2531750A000000000000000000CA
:10AFE000617A0008B5780008195D00081D5D000849
:10AFF000215D0008255D0008295D0008ED76000848
:10B000007177000811780008197800082D5D000894
:10B010001D78000851770008315D0008F1760008BE
:10B0200081770008395D00083D5D0008415D00083A
:10B03000B57900082577000831770008117A0008F3
:10B04000CD79000821770008455D0008B97800082F
:10B05000FD76000845790008495D00084D5D00084F
:10B060000177000815770008197700081D77000898
:10B070000000000000000000197C0008F97A0008B8
:10B080000D7B0008317B000800000000000000007C
:10B09000AD7A0008957B0008657A0008B17A00084F
:10B0A000D97B0008D17A0008517B0008657B000835
:10B0B000697A00086D7A00082D7C00082D7E000852
:10B0C000097E0008417D0008F57A0008717A0008C1
:10B0D0000000024008000240010000000000000BD8
:10B0E000000002401C000240020000000004010CAD
:10B0F0000000024030000240040000000008020D81
:10B10000000002404400024008000000000C030E52
:10B110000000024058000240100000000010040F20
:10B12000000002406C0002402000000000140510E6
:10B13000000002408000024040000000001806119C
:10B14000040204080800030708080808080808089B
:10B150000B0F00000096000000000000000000003F
:10B160000000000000000000000000002591000821
:10B17000119100084D91000839910008459100088F
:10B18000319100081D9100080991000859910008AB
:10B190006D61696E00164330040438080C101418F1
:10B1A0001C20212200000000C0B10008A0130020D4
:10B1B00070140020010000004D99000800000000FC
:10B1C00069646C6500000000000000200050000071
:10B1D00001000000FF060000997B0099B857444425
:10B1E000236B000099448144995B5458008000000F
:10B1F000444444444444148800000000444444440B
:10B20000444444440000000044444444444444440E
:10B210000000004B000000CBDC65FF7F0100000058
:10B220000000000000000000E12300080000000012
:10B2300000000000AD2400080000000060E31600DC
:10B240001000000000000000FE2A0100D2040000EF
:0CB25000ACA900081CA9000808000000C0
:00000001FF
