:020000040800F2
:1010000000020020C91A0008355A00088959000852
:10101000F959000889590008C1590008CB1A00087D
:10102000CB1A0008CB1A0008CB1A000819A0000838
:10103000CB1A0008CB1A0008CB1A0008D9A4000864
:10104000CB1A0008CB1A0008CB1A0008CB1A0008EC
:10105000CB1A0008CB1A00087DA20008A9A200083C
:10106000D5A2000801A300082DA3000815810008DF
:10107000298100083D810008518100086581000830
:10108000798100088D810008CB1A0008CB1A00086E
:10109000CB1A0008CB1A0008CB1A000859A3000885
:1010A000CB1A0008C9840008CB1A0008DD840008A8
:1010B000CB1A0008CB1A0008CB1A0008CB1A00087C
:1010C000CB1A0008CB1A0008CB1A0008CB1A00086C
:1010D000CB1A0008F9870008518A00080D8800081B
:1010E000C1A30008CB1A0008CB1A0008CB1A0008CD
:1010F000CB1A0008CB1A0008CB1A0008CB1A00083C
:10110000CB1A0008CB1A0008CB1A0008CB1A00082B
:10111000CB1A0008CB1A0008CB1A0008CB1A00081B
:10112000CB1A0008CB1A0008CB1A0008CB1A00080B
:10113000CB1A0008CB1A0008CB1A0008CB1A0008FB
:10114000CB1A0008CB1A0008CB1A0008CB1A0008EB
:10115000CB1A0008CB1A0008CB1A0008CB1A0008DB
:10116000F92A0008CD460008DD5700085D7E00081A
:1011700080F0004002E000BF81F0004142001FBF4C
:101180005FEA410392EA030F7FEA226C7FEA236C55
:101190006AD04FEA1262D2EB1363C1BFD21841404A
:1011A00048404140B8BF5B42192B88BF704710F0E0
:1011B000004F40F4000020F07F4018BF404211F083
:1011C000004F41F4000121F07F4118BF494292EAEB
:1011D000030F3FD0A2F1010241FA03FC10EB0C0017
:1011E000C3F1200301FA03F100F0004302D54942A4
:1011F00060EB4000B0F5000F13D3B0F1807F06D351
:1012000040084FEA310102F10102FE2A51D2B1F148
:10121000004F40EBC25008BF20F0010040EA03003D
:101220007047490040EB000010F4000FA2F10102EA
:10123000EDD1B0FA80FCACF1080CB2EB0C0200FA74
:101240000CF0AABF00EBC25052421843BCBFD040C2
:101250001843704792F0000F81F4000106BF80F43C
:1012600000000132013BB5E74FEA41037FEA226CFF
:1012700018BF7FEA236C21D092EA030F04D092F0CA
:10128000000F08BF0846704790EA010F1CBF0020FE
:10129000704712F07F4F04D1400028BF40F000405B
:1012A000704712F100723CBF00F50000704700F07B
:1012B000004343F0FE4040F4000070477FEA2262A2
:1012C00016BF08467FEA23630146420206BF5FEA73
:1012D000412390EA010F40F4800070474FF0000373
:1012E00004E000BF10F0004348BF40425FEA000C3A
:1012F00008BF704743F0964301464FF000001CE0E2
:1013000050EA010208BF70474FF000030AE000BF37
:1013100050EA010208BF704711F0004302D5404275
:1013200061EB41015FEA010C02BF844601460020E7
:1013300043F0B64308BFA3F18053A3F50003BCFA02
:101340008CF2083AA3EBC25310DB01FA02FC6344AF
:1013500000FA02FCC2F12002BCF1004F20FA02F2B6
:1013600043EB020008BF20F00100704702F12002A9
:1013700001FA02FCC2F1200250EA4C0021FA02F20A
:1013800043EB020008BF20EADC7070474FF0FF0C0F
:101390001CEAD0521EBF1CEAD15392EA0C0F93EA0A
:1013A0000C0F6FD01A4480EA010C400218BF5FEAAC
:1013B00041211ED04FF0006343EA501043EA51111F
:1013C000A0FB01310CF00040B1F5000F3EBF490019
:1013D00041EAD3715B0040EA010062F17F02FD2A1D
:1013E0001DD8B3F1004F40EBC25008BF20F0010000
:1013F000704790F0000F0CF0004C08BF49024CEA17
:10140000502040EA51207F3AC2BFD2F1FF0340EAA8
:10141000C250704740F400004FF00003013A5DDC19
:1014200012F1190FDCBF00F000407047C2F100025A
:10143000410021FA02F1C2F1200200FA02FC5FEA47
:10144000310040F1000053EA4C0308BF20EADC7091
:10145000704792F0000F00F0004C02BF400010F403
:10146000000F013AF9D040EA0C0093F0000F01F0B0
:10147000004C02BF490011F4000F013BF9D041EAD2
:101480000C018FE70CEAD15392EA0C0F18BF93EAD4
:101490000C0F0AD030F0004C18BF31F0004CD8D1FE
:1014A00080EA010000F00040704790F0000F17BF85
:1014B00090F0004F084691F0000F91F0004F14D0CB
:1014C00092EA0C0F01D142020FD193EA0C0F03D123
:1014D0004B0218BF084608D180EA010000F0004026
:1014E00040F0FE4040F40000704740F0FE4040F401
:1014F000400070474FF0FF0C1CEAD0521EBF1CEAA0
:10150000D15392EA0C0F93EA0C0F69D0A2EB0302BD
:1015100080EA010C49024FEA402037D04FF0805357
:1015200043EA111143EA10130CF000408B4238BF1C
:101530005B0042F17D024FF4000C8B4224BF5B1A2A
:1015400040EA0C00B3EB510F24BFA3EB510340EA78
:101550005C00B3EB910F24BFA3EB910340EA9C0026
:10156000B3EBD10F24BFA3EBD10340EADC001B0196
:1015700018BF5FEA1C1CE0D1FD2A3FF650AF8B423A
:1015800040EBC25008BF20F0010070470CF0004C47
:101590004CEA50207F32C2BFD2F1FF0340EAC25072
:1015A000704740F400004FF00003013A37E792F033
:1015B000000F00F0004C02BF400010F4000F013A91
:1015C000F9D040EA0C0093F0000F01F0004C02BF8C
:1015D000490011F4000F013BF9D041EA0C0195E7F5
:1015E0000CEAD15392EA0C0F08D142027FF47DAF8E
:1015F00093EA0C0F7FF470AF084676E793EA0C0F7E
:1016000004D14B023FF44CAF08466EE730F0004C7B
:1016100018BF31F0004CCAD130F000427FF45CAF0B
:1016200031F000437FF43CAF5FE700BF4FF0FF3C79
:1016300006E000BF4FF0010C02E000BF4FF0010CCC
:101640004DF804CD4FEA40024FEA41037FEA226C95
:1016500018BF7FEA236C11D001B052EA530C18BFB7
:1016600090EA010F58BFB2EB030088BFC81738BF1C
:101670006FEAE17018BF40F0010070477FEA226C0A
:1016800002D15FEA402C05D17FEA236CE4D15FEA06
:10169000412CE1D05DF8040B704700BF844608463A
:1016A0006146FFE70FB5FFF7C9FF002848BF10F1FB
:1016B000000F0FBD4DF808EDFFF7F4FF0CBF012040
:1016C00000205DF808FB00BF4DF808EDFFF7EAFFCA
:1016D00034BF012000205DF808FB00BF4DF808ED85
:1016E000FFF7E0FF94BF012000205DF808FB00BF7A
:1016F0004DF808EDFFF7D2FF94BF012000205DF800
:1017000008FB00BF4DF808EDFFF7C8FF34BF01200C
:1017100000205DF808FB00BF4FEA4002B2F1FE4F27
:101720000FD34FF09E03B3EB12620DD94FEA0023A3
:1017300043F0004310F0004F23FA02F018BF40427C
:1017400070474FF00000704712F1610F01D1420263
:1017500005D110F0004008BF6FF0004070474FF017
:101760000000704742000ED2B2F1FE4F0BD34FF093
:101770009E03B3EB126209D44FEA002343F0004307
:1017800023FA02F070474FF00000704712F1610F2A
:1017900001D1420202D14FF0FF3070474FF00000FC
:1017A000704700BF53B94AB9002908BF00281CBFC1
:1017B0004FF0FF314FF0FF3000F084B9ADF1080C6D
:1017C0006DE904CE00F016F8DDF804E0DDE902234F
:1017D00004B0704746F6961380EA104080EA102065
:1017E00080EA101000F00F0043FA00F000F0010052
:1017F000704700BF2DE9F0478C460446089E002B39
:101800004BD18A42154667D9B2FA82F24AB1C2F187
:10181000200701FA02F320FA07F7954047EA030C84
:1018200094404FEA154EBCFBFEF71FFA85F80EFBFD
:1018300017C307FB08F9210C41EA0343994509D96D
:10184000EB1807F1FF3180F01C81994540F21981B6
:10185000023F2B44A3EB0903B3FBFEF00EFB103356
:1018600000FB08F1A4B244EA0344A14209D92C19AF
:1018700000F1FF3380F00781A14240F20481023879
:101880002C4440EA07400027641A1EB10023D440CC
:10189000C6E900433946BDE8F0878B4209D9002EDE
:1018A00000F0EC800027C6E9000138463946BDE863
:1018B000F087B3FA83F7002F48D18B4202D38242DC
:1018C00000F2FB80841A61EB030301209C46002E8A
:1018D000E0D0C6E9004CDDE702B9FFDEB2FA82F2E1
:1018E000002A40F08F800127491B4FEA15481FFA54
:1018F00085F9B1FBF8FE08FB1E1109FB0EF04FEA5B
:10190000144C4CEA0143984207D9EB180EF1FF3111
:1019100002D2984200F2CD808E461B1AB3FBF8F03B
:1019200008FB103309FB00F9A4B244EA0344A145C3
:1019300007D92C1900F1FF3302D2A14500F2B6807D
:101940001846A4EB090440EA0E409EE7C7F12005C3
:10195000BB4022FA05FC4CEA030C21FA05F44FEADD
:101960001C4EB4FBFEF91FFA8CF80EFB194420FA4A
:1019700005F3B94009FB08FA19430B0C43EA044488
:10198000A24502FA07F200FA07F30BD91CEB040494
:1019900009F1FF3080F08880A24540F28580A9F1EE
:1019A00002096444A4EB0A04B4FBFEF00EFB1044ED
:1019B00000FB08FA89B241EA0444A24508D91CEBAD
:1019C000040400F1FF316BD2A24569D902386444A6
:1019D00040EA0940A0FB0289A4EB0A044C454146B9
:1019E000CE4654D351D0002E69D05A1A64EB0E045F
:1019F00004FA05F522FA07F3FC401D43C6E900543A
:101A0000002747E79540C2F1200321FA03F04FEA8F
:101A10001548B0FBF8F71FFA85F908FB170024FA00
:101A200003F3914007FB09FC0B43190C41EA004109
:101A30008C4504FA02F407D9691807F1FF3031D256
:101A40008C452FD9023F2944A1EB0C01B1FBF8F0E2
:101A500008FB101C00FB09FE99B241EA0C418E45BF
:101A600007D9691800F1FF3318D28E4516D902380C
:101A70002944A1EB0E0140EA07473AE737463046D2
:101A800008E70F46E6E61846FBE64345ABD2B8EB5F
:101A9000020169EB0C0201389646A4E71846E8E714
:101AA000084695E70746CFE781467BE702382C4496
:101AB00047E7AEF1020E2B442FE7384607E73746DB
:101AC000E8E600BF704700BF02E000F000F8FEE764
:101AD00072B6284880F30888274880F30988274889
:101AE0004EF60851CEF200010860022080F31488FF
:101AF000BFF36F8F08F0FEFA08F0DEFA08F056FB2D
:101B00004FF055301E491B4A91423CBF41F8040B2F
:101B1000FAE71C49184A91423CBF41F8040BFAE726
:101B200019491A4A1A4B9A423EBF51F8040B42F81F
:101B3000040BF8E700201749174A91423CBF41F8CF
:101B4000040BFAE708F0BCFA08F032FB134C144D12
:101B5000AC4203DA54F8041B8847F9E700F0BCFFF5
:101B6000104C114DAC4203DA54F8041B8847F9E7D6
:101B700008F0A4BA00020020500400200010000861
:101B80000000002000020020F8B1000850040020EE
:101B90008C04002090040020B8140020601100087C
:101BA0007011000870110008701100082DE9F04F45
:101BB000C1F80CD0C3689D46BDE8F08F002383F3C5
:101BC00011882846A047002007F0ACFFFEE707F089
:101BD00087FE00DFFEE7000000220A4B1A60586310
:101BE0009A6842F001029A6010221968890705D4A8
:101BF000013AFAD11A604FF6FF707047D86C80B284
:101C0000704700BF0024014008B507F00BF8074BF0
:101C10009A6942F400729A614FF4D8329B69044B7E
:101C20001A610022DA621A6308BD00BF0010024088
:101C3000002401400420FFF7CFBF00000520FFF77C
:101C4000CBBF000070470000002070474FF4805069
:101C50007047000070B50A21044604202C4A2D4B21
:101C60009269A4F88E00A4F89010C4F830229A6803
:101C7000520405D59B681B045CBF012384F8133212
:101C800094F814323BB306224FF48041224806F008
:101C9000C9FA204DFFF7B8FF204601F0CDF82846DD
:101CA00006224FF4005106F0BDFA4FF400531B4ECC
:101CB0002B6133681A49586D0268526E8A4222D1EC
:101CC0004FF48050A4F894005D6D164A2B685B6851
:101CD000934207D170BD07224FF480410E4806F0B1
:101CE000A1FAD6E7284698470028F3D095F84E3059
:101CF000022BEFD13368D86C03681B6D9847012322
:101D000084F8A83070BD9047336880B2DAE700BF2E
:101D10003413002000100140000C0140EC060020AC
:101D20004D1C0008491C000803462DE9F0410646F9
:101D300053F8FC4F00F1DC0599685868DA681C4FCD
:101D4000C6F8DC406860A960EA601C695869996956
:101D5000DA693B682C616861A961EA61D86C00248A
:101D600003681B6B984706E02A8801349847082CC3
:101D700005F1020514D03B6896F8A820D86CE1B2B2
:101D800003685B69002AEFD1B6F88820E24012F0C0
:101D90000102E9D101349847082C05F10205EAD186
:101DA0003B68BDE8F041D86C03685B6B184700BF27
:101DB000EC06002090F81322D0F83C32A2B990F83B
:101DC000FB11D0F81822002914BF7D214FF4FA71BD
:101DD0009A1A8A4207D91E49CA6882F48042CA60A8
:101DE000C0F8183270477047B0F88A2032B140F618
:101DF000B832D0F808125B1A934209D990F814321D
:101E0000134A83F001019B0743EA81331361704752
:101E100010B5044601F0A2F9B4F88A300D4AC3EBBC
:101E20000343A2FB0323B0EB531F35BF94F81432D6
:101E300094F8142283F0010282F0010339BF920763
:101E40009B039B039207024913430B6110BD00BF24
:101E5000000C01401F85EB5110B5B0F8603004460E
:101E6000DB0707D50023A0F89E30FFF7E3FEA4F8B8
:101E70009C0010BDFFF7E2FEA4F89E00FFF7DAFE1B
:101E8000A4F89C0010BD00BFF8B58278322A1BD898
:101E9000DFE802F0535F1A6B771A1A1A1A1A1A1A25
:101EA0001A1A1A1A1A1A1A1A1A1A1A1A1A1A1A1A92
:101EB0001A1A1A1A1A1A1A1A1A1A1A1A1A1A1A1A82
:101EC0001A1A1A1A1A1A1D0000231846F8BD1724E8
:101ED0002546234690F8301000F1600764F30501B1
:101EE00080F830100478C67804F03F017418AC42D2
:101EF000EADC9B1B03F03F048C4228BF0C46162CE7
:101F0000A8BF1624054680F8322080F8304080F8BB
:101F1000336007EB46016200343008F057FB0023C2
:101F2000A11C85F83130490005F1300001F02EF98F
:101F3000012385F831001846F8BD022490F83010CE
:101F4000254664F30501234680F8301000F18E0722
:101F5000C8E70E2490F83010254664F305012346A7
:101F600080F8301000F19407BCE7102490F830108E
:101F7000254664F30501234680F8301000F1DC07A4
:101F8000B0E7132490F83010254664F3050123468A
:101F900080F8301000F1B007A4E700BF0122D0F8AC
:101FA0003C3280F810221944C0F80C12704700BF70
:101FB000F8B583780446372B00F0968041D8322B51
:101FC0005BD0362B31D190F8FB3173BB0278C178EE
:101FD00002F03F028818102831DC8BB20F2B1BD87F
:101FE00092B2CAB1013AC3F10F039BB2201D92B263
:101FF00000EB42024D0000EB43004FF6FF77A31CBD
:1020000001E09A4208D033F8021FB9421CBF5E19A2
:10201000A6F8F8108342F4D1D4F83C320221C4F877
:102020000432D4F8300207F041FA0023204604219C
:1020300040F8303F01F0AAF8012384F83100184637
:10204000F8BDC82B09D0C92BEFD1037803F03F03AB
:10205000012B59D000231846F8BD0278C37802F04E
:102060003F0299185A29F5DC00F5A270520000EBE6
:102070004300211D08F0AAFAD7E7C378172BD4D85C
:1020800001A252F823F000BF652200085D2200087B
:102090004F22000831220008232200082B200008CC
:1020A0002B2000082B2000082B2000082B200008E4
:1020B000052200082B200008E52100082B2000083D
:1020C000C52100082B2000082B2000082B20000829
:1020D0002B200008AB210008992100088921000865
:1020E00077210008612100080278C37802F03F02DE
:1020F00099181029AEDC00F58E70520000EB4300F9
:10210000211D08F063FA90E7C37890F8FA2100EBFC
:1021100043039B88A0F8F83190F8F8319A4284D0B4
:1021200000256C4F11E01369314698473B6806F172
:102130006501586CC9B2036801225B689847013594
:10214000082D94F8F83100F0B2803A68EB40D06C7A
:10215000DB07EEB20268E6D4D36831469847EEE773
:10216000037803F03F03022B7FF45FAF456801F073
:1021700033FB456559E790F84432002B7FF455AFA7
:10218000012380F8443250E78288D0F83C32A0F82E
:102190008A20C0F8083248E74E4A83881268A0F8BF
:1021A0008830D26CC2F80C313FE74FF47A738288E2
:1021B000B3FBF2F3032B38BF0323A0F88620C0F84B
:1021C000003232E745F20B6382889A427FF442AFD5
:1021D000404B1B68D86C0368DB6C9847002384F87D
:1021E000A83022E745F20B6382889A427FF432AF2F
:1021F000384B1B68D86C03681B6D9847012384F823
:10220000A83012E790F8A830002B7FF423AF43F6F4
:102210004612818891427FF412AF6421FFF7BEFE1F
:1022200003E70122838880F81222A0F86830FCE6D8
:102230008388182B42D8B0F88C20012A01D11923A9
:1022400083800122A4F8663084F81122EDE6012291
:10225000838880F81222A0F86430E6E68388A0F82C
:102260006230E2E68388D907A0F8603022D54FF4C7
:102270007A72B0F886104FF08075B2FBF1F2032A43
:102280004FF0100138BF032223F00E03A4F8603092
:102290001148124BC4F8002245605961B4F860300F
:1022A0005A067FF5C2AE012384F81332BDE684F8E6
:1022B000FA31BAE61022094B1A61EFE7B3F5C87F8D
:1022C000BFD9B0F88C20012A02BF4FF4C872134660
:1022D0008280B6E7EC06002000000140000C0140BF
:1022E0000022F8B53D4D0446D5F8A4300133C5F8B9
:1022F000A4300378477803F03F01023113F0C00F98
:1023000042704FEA410613D1042100F03FFF87429B
:1023100027D1237803F03F02162A0ED89B0925D037
:10232000012B3CD12046FFF743FE002842D0F8BDE8
:10233000314600F02BFFB842EBD040232046042169
:1023400040F8303F00F022FF84F83100D5F8A0209B
:1023500095F8A93001320133C5F8A02085F8A930DD
:10236000F8BD3146204600F011FFE4E72046FFF7B4
:102370008BFD0028DBD180232046042140F8303F2C
:1023800000F004FF84F83100D5F8A02095F8AB30B8
:1023900001320133C5F8A02085F8AB30F8BDD5F87F
:1023A000A02095F8AA3001320133C5F8A02085F8A5
:1023B000AA30F8BD80232046042140F8303F00F0C9
:1023C000E5FE84F83100D5F8A02095F8AC30013254
:1023D0000133C5F8A02085F8AC30F8BD900400208A
:1023E00070B52023044683F311880E2381682E4D97
:1023F0004A69284622F0C0024A616169A2684968B8
:102400001668566852680A6822F00F020A6061690D
:102410004A7B096803FA02F24A60A26951680A68B5
:1024200022F00F020A60A269517B12688B40536050
:10243000FFF756FF3021636968185B680022DD6092
:1024400063695B6859606169E368496843F08203C6
:102450000B60636959680B6843F001030B60A16866
:102460004B6943F040034B61A3695B68D86095F802
:102470003030A16903F03F03496802335B004B60D1
:10248000A1692369496843F092030B60A369596805
:102490000B6843F001030B60A1684B6943F08003B4
:1024A0004B6182F3118870BD9004002040F20F113F
:1024B00070B4826883B0126892B2ADF80620BDF89D
:1024C0000620114206D1BDF80630DB0659D403B010
:1024D00070BC70470346202282F311886FF4807429
:1024E0000E218068294A04609D683024E86840F025
:1024F0000100E860D2F8A05092F8AD00013501303B
:10250000C2F8A05082F8AD009D68686920F0C00054
:1025100068615D6998686D68066846684068286803
:1025200020F00F0028605D69687B2D6801FA00F0DB
:10253000686098694568286820F00F0028609869ED
:10254000457B0068A9404160596900204968CA601C
:102550005A69526854605969DA68496842F08202DF
:102560000A605A6951680A6842F001020A609A6872
:10257000536943F04003536180F3118803B070BC8A
:10258000704703B070BCFFF72BBF00BF9004002062
:1025900070B5064600200A4C0A4D82B0042254F859
:1025A000043B0DEB0201019300F012FEAC42F5D1A9
:1025B000030CA6F87600A6F8783002B070BD00BF14
:1025C000001000080000010838B5134D00242B68E6
:1025D000986C03681B6898472B68D86C03681B6865
:1025E00098472B68E1B2D86C01340368DB689847E0
:1025F0000E2CF6D10948FFF72DFB0848FFF7C8FF5E
:102600000749084806F016FEBDE83840034A302165
:10261000044806F01DBE00BFEC0600209004002018
:1026200050040020D0120020D0F83C22D0F81C32F8
:10263000D31A632B3DD910B5334BC0F81C229B68CD
:102640000446990690F8A8201BD40023C4F8203231
:10265000002A4FF6FF7308BF4FF4AA4394F82422D0
:10266000013202F00F0284F82422D340DA435B07E0
:10267000520302F4005203F00053234913430B6149
:1026800010BDB0F86230AAB113F40063DDD1D0F808
:10269000202201320A2AC0F8202220D11B4A84F8C5
:1026A000A8301368D86C0368DB6C984794F8A820AE
:1026B000CEE77047DB04C8D4D0F8203201330A2BB0
:1026C000C0F8203215D10122104B84F8A8201B68D5
:1026D000D86C03681B6D984794F8A820B8E790F869
:1026E00024224FF6FF73013202F00F0280F82422F9
:1026F000BBE790F824224FF4AA43013202F00F0204
:1027000080F82422B1E700BF000C0140EC06002055
:1027100070B5B0F860300446DA0602D590F82C2285
:102720004AB39B0626D594F82D321BBB0123204DBE
:10273000B4F8642084F82D322B6862B3D86C4FF45F
:10274000FA6203684FF47A715B6D98472B68B4F8AE
:102750006410D86C04220368D3F8803098472B6843
:10276000B4F86820D86CB4F864100368BDE8704011
:102770005B68184770BD01220D4B80F82C221B6846
:102780000222D86CB4F864100368D3F880309847FC
:10279000B4F86030C5E7FF214FF4FA62A4F8641082
:1027A000A4F86820D86C03685B6898472B68C5E775
:1027B000EC06002090F8A82000F1FC0300F58E71D3
:1027C0003AB91A8002338B42FAD190F8F631ABB99C
:1027D000704710B41C8C023323F8024C8B4205D096
:1027E000002AF7D11A8002338B42F9D190F8F631E2
:1027F0000BB910BC704710BC00F042BA00F040BAF0
:1028000070B5494D04462B68986C01F09BFC2B6811
:10281000986C03689B689847002858D1D4F83C32DC
:10282000D4F8D8209B1AC82B82BF94F8B13060F33B
:10283000410384F8B13094F812325BB12B68B4F8DC
:102840006820D86CB4F8641003685B68984700236C
:1028500084F8123294F8113253B12B68B4F8661030
:10286000D86C0368D3F88C309847002384F8113271
:1028700094F8F62194F8FB311AB394F9F221002A66
:102880001FDD94F8B11089071BD5102A19DC40F21E
:10289000D56104EB4202B2F8B2208A4294BF002014
:1028A0000120984284F8FB0110D08A4202D92046C8
:1028B000FFF780FFD4F830020221BDE8704006F037
:1028C0001FBE002284F8FB21002BF3D170BD00F065
:1028D00083FF2B680646986C0368DB68984794F87A
:1028E000B1302A6843F0020384F8B00084F8B130B4
:1028F000906C04F1B401036810225B699847D4F826
:102900003C323046C4F8D830337884F8B23000F026
:102910009BFDA4F8D40096F8402094F8B13062F3FF
:10292000000384F8B13086E7EC06002070B5054658
:1029300000240C4E95F8F83104F16501E34013F0E2
:10294000010FC9B209D0336895F8F921586CE240FB
:10295000036802F001021B6998470134082CE9D191
:1029600070BD00BFEC06002070B5002104464FF09A
:10297000FF3006F0D1FD064603F068F8D4F8403287
:1029800094F8102201330546C4F83C02C4F84032E2
:1029900022B1D4F80C32984200F28880B20794F841
:1029A000A83003D494F834229A4209D0003318BFD7
:1029B0000123204684F83432FFF7B6F9D4F83C52AC
:1029C000B4F86030C4F89850DB0703D594F8A83009
:1029D000002B5CD1D4F80432EB1AC82B33D9D4F8CD
:1029E0004C32EB1A0A2B47D84FF00042344B1A6195
:1029F000D4F83832EB1A322B30D8D4F82832AB4224
:102A000020D02046C4F82852FFF7D4F92046FFF71B
:102A1000F7FE2046FFF708FE2046FFF779FE204626
:102A200000F038FA274B284A1B68D86C0368DB6E25
:102A3000934243D194F84432B3B92046BDE8704084
:102A4000FFF774BF70BD4FF400421D4BC4F84C52E9
:102A50001A61D4F83832EB1A322BCED9C4F8385276
:102A60002046FFF7F9F9C8E7204600F0D1FA2046E2
:102A7000BDE87040FFF75ABF2046FFF79BFE0221DA
:102A8000D4F8300206F03CFDC4F84C52ACE7D4F860
:102A9000FC31D4F80022EB1A93429BD3C4F8FC51CA
:102AA000102104F1DC0000F0B1F993E7054B01219E
:102AB0001B68186D03689B6B9847FEE79847B9E75A
:102AC000000C0140EC060020451C00080148FFF7FF
:102AD0004BBF00BF90040020054B10B51B680A4691
:102AE0001C68014624681846024BA047002010BD10
:102AF000EC060020E0060020C82208B5114B322168
:102B0000A3F8682042F21072A3F86C204822A3F8C0
:102B100086204FF6FF72A3F88A200122A3F86610E0
:102B2000A3F88C20A3F8401183F8142201F0BEFD15
:102B3000054B064A186006490648BDE8084000F003
:102B4000DBBA00BF90040020EC060020CD2A00086C
:102B5000C9250008E006002030B5431800EB41010C
:102B600093F8DC41B1F8D43193420FD2B1F8CC5193
:102B7000AB420BD041F29410D21A5043EB1A90FBA7
:102B8000F3F000B20CB1404200B230BD934209D91B
:102B9000B1F8C4118B4205D041F29410D21A5043BF
:102BA0005B1AECE70020EDE710B5431800EB41009D
:102BB00093F8DC41B0F8CC3193420FD3B0F8C41194
:102BC00091420ED84FF47A70521A50435B1A90FB20
:102BD000F3F000B20CB1404200B210BD4FF47A7075
:102BE000F8E70148F6E700BF18FCFFFF70B50446A0
:102BF000631893F8B4310D4610460BB1504200B241
:102C00000E4E41F29412314600F0A0FA6D002C44B1
:102C1000021EB4F884310ADDB4F86401C01A5043CE
:102C200041F2941290FBF2F0184480B270BDB4F8F7
:102C30004401C01A504390FBF6F0F5E76CEEFFFF3D
:102C400070B50446631893F8B4610D461046002130
:102C50004FF47A7200F07AFA16B1C0F57A7000B2C9
:102C600004EB4504B4F84431B4F86421D21A50435B
:102C70004FF47A7290FBF2F0184480B270BD0000FD
:102C8000F7B5002490F8B13007469B07CDE9004422
:102C90001AD500F5F67515F8013BE1B2013BDBB240
:102CA0000F2B0ED807EB4303022CB3F8B4202AD124
:102CB00097F8F3313BBB21463846FFF775FFADF877
:102CC00004000134042CE6D100254FF47A76B7F8DD
:102CD000F421E9B2EA4012F0010265D17C1994F8BE
:102CE000A431192B2AD8182B15D2102B78D018D82C
:102CF000032B0ED8022B6ED2012B55D00135102D8F
:102D0000E5D103B0F0BD3846FFF726FF2DF81400DB
:102D1000D7E7042BF2D1BDF900203846FFF766FF54
:102D20005CE0142B05D8132B4FD2112B25D0122B7E
:102D3000F0E7152BE2D1BDF90620EEE74A2B15D8B6
:102D4000492B07D2422B03D8332B34D21A2BF1E76D
:102D5000462BD3D197F8F331BDF904202C443846E3
:102D6000B3B3FFF743FFA4F8FC00C7E74F2B3DD0F8
:102D70000FD84D2B34D04E2BC0D1BDF90020BDF95A
:102D800002301344B7F8F0215A4392FBF6F212B224
:102D9000C3E7562B24D0572BEFD0502BAED1BDF923
:102DA0000220BDF906301FE007EB4503B3F8B4205D
:102DB000A3F8FC20A2E7333BDBB207EB4303B3F8F5
:102DC000B4302C44A4F8FC3098E7BDF90220A4E705
:102DD000FFF736FFC7E73846FFF732FF2C44C2E75C
:102DE000BDF90220BDF90030D31ACBE7BDF90620AA
:102DF000C5E7000038B50446256802F027FE854285
:102E0000FAD002F023FE206038BD000000B5084B68
:102E100089B01B7843B901AA01F08EF80548192240
:102E2000036801A95B68984709B05DF804FB00BF1F
:102E3000F00600203012002010B5114C1149124844
:102E400006F0B0F91149204606F0ACF9022210490B
:102E50002023201D06F00AFB00F0BEFC438843F04F
:102E60000403438000F0B8FC438843F00803438028
:102E700000F0B2FC438843F48063438010BD00BF80
:102E80003012002044A600089011002058A6000827
:102E9000F40600202DE9F04F87B0814602F0D6FD00
:102EA000044600F099FC2146804600F06FFA4F4D31
:102EB00008B100232B702B78012B2DD84C48102201
:102EC000036802A91E6A0023B047074620B3494B96
:102ED00010281E7828BF1027F6B9474B4FF0010B7A
:102EE0009A461A683A441A60F3B29F4214D906AA65
:102EF000134413F8101C4FF4E132404600F066FB17
:102F000040B121464046CAF8104000F03FFA08B9E7
:102F100085F800B00136E7E72B7813F0FD033FD1C9
:102F2000364802A90268166A1022B04707460028F0
:102F300036D0304B304E1A78019342B3102F28BF51
:102F400010274FF0000A4FF0020B73683B44736088
:102F50005FFA8AF2974223D906AB9918019B11F8C0
:102F6000101C1A78264B002A0CBF1A464FF4E13287
:102F7000404600F02BFB38B121464046346100F05A
:102F800005FA08B985F800B00AF1010AE0E71D4822
:102F900006F080FA8306D1D5B368F0600133B360E0
:102FA0002B78FBB9144B1A69A21AB2F5FA6F1A46BC
:102FB00018D9104DB9F860102B78012B01D0C90732
:102FC00010D483F001030D4814612B7006F0F8F85B
:102FD00029780D4A0D4B094800290CBF11461946A6
:102FE00006F0E0F807B0BDE8F08F00BF080700204A
:102FF00090110020F00600200C0700203012002065
:10300000A0860100F406002058A6000844A6000887
:103010002DE9F34190F84422D0F83C32013A0446BD
:103020000193032A5DD8DFE802F002212F512E4DD3
:10303000062228464FF4005105F0F4F84FF00053F3
:10304000A5F50065C5F8103806224FF480612846C2
:1030500005F0E8F84FF480632B61022384F84432D2
:10306000019BC4F8483202B0BDE8F081D0F8482294
:103070009A1AB2F5FA7FF6D34FF400511A4A116149
:10308000032280F84422ECE7D0F848229B1A472B11
:10309000E9D901A8FFF7AEFE09254FF080684FF48B
:1030A0008067124E01A8FFF7A5FE013DC6F810800B
:1030B00001A8FFF79FFE15F0FF053761F2D1019BD4
:1030C000C4F84832042384F84432CCE7D0F84822CC
:1030D0009B1A312BC7D902224FF48061034805F0B7
:1030E000A1F80023EFE700BF0010014000080140F5
:1030F000436818478368184710B5024C8260C0E9DE
:10310000004110BD74A600080A4630B50A4C85B0CF
:10311000051D61682068092A01AB03C388BF002030
:10312000218919809FBF04ABD21812F80C3C55F8C6
:10313000230005B030BD00BF38A60008884203D385
:103140009042014628BF114608467047884203DB7B
:1031500090420146A8BF11460846704749F26900EF
:1031600008490B689AB21B0C00FB02330B6044F257
:103170005061054A136898B21B0C01FB00301060C7
:1031800080B270477C04002078040020002310B532
:10319000054A0144884204D010F8014B6340D35CD7
:1031A000F8E7184610BD00BF7CA60008082341F2CE
:1031B000210280EA012010F4004F03F1FF334FEAAF
:1031C000400018BF50409BB280B2002BF3D1704733
:1031D00030B5094D0A4491420DD011F8013B5840D9
:1031E000082340F30004013B2C4013F0FF0384EA62
:1031F0005000F6D1EFE730BD2083B8ED0246002342
:1032000010B5141AE4B2A14206D912F8014B2344B6
:1032100003EB1323DBB2F4E7C3F1FF00C0B210BD30
:10322000F8B50546002700F1080400F1380654F807
:10323000040B20B103685B68984744F8047CB442EF
:10324000F5D12846F8BD0000012303FA00F040F64E
:103250001D53184214BF01200020704738B50446A2
:10326000642002F067FC054620B1214600F0E0FA38
:10327000404B2B60A560842002F05CFC054610B139
:10328000214603F039FAE560802002F053FC054640
:1032900020B1394B0122214603F02EFB2561AC20E1
:1032A00002F048FC054658B1214600F0C1FA284614
:1032B000324B002240F8903B4FF4E13103F01CFF09
:1032C000A561B02002F036FC0546B0B1214600F001
:1032D000AFFA2B4B00222B60012385F83E2085F8A6
:1032E0008920A5F88A2085F88C3085F88D204FF448
:1032F000E13105F1940003F0FFFEE561B82002F032
:1033000019FC0546A8B1214600F092FA28461D4B4B
:103310002822002140F8683B07F064F900224FF4AE
:10332000E131C5E92422A5F8982005F19C0003F0BD
:10333000E3FE2562A42002F0FDFB054668B12146AC
:1033400000F076FA0022104B85F83E202B604FF4F7
:10335000E13105F1880003F0CFFEE562942002F030
:10336000E9FB054618B10122214600F0EBFC25637C
:1033700038BD00BF18AD0008A0860100D4A7000822
:10338000B8AD000868AD000890AD000803780C2BBC
:1033900006D1C06B081AC72894BF002001207047CF
:1033A0000020704770B503780E460C2B0ED1C36B0E
:1033B00063B900F1080500F1380455F8040B18B1A1
:1033C000036831461B699847A542F6D170BD0000DD
:1033D00070B50C4605460B6801795B6E2046984730
:1033E000236820469B6E697998472368AA79D3E9B8
:1033F000156320467AB1984740F0010189B2204612
:10340000B04723682968DE6A80232046B446BDE8B9
:1034100070401A46604798474FF6FE710140EEE74C
:1034200003780C2B04D0023350F8230000F01ABAB2
:103430000020704703780C2B04D0023350F823008F
:1034400000F014BA7047000003780C2B1DBF023344
:1034500050F82330B3F93A004FF0FF3070470000C6
:1034600003780C2B1DBF023350F82330B3F93C0016
:103470004FF0FF307047000038B500F1080500F14B
:10348000380455F8040B10B103685B699847A542EE
:10349000F7D138BD436D012013F0010F05D1014470
:1034A0008840184214BF0120002070472DE9F74FD3
:1034B00004469246894602F0C9FA0146074620466C
:1034C000FFF764FF217802460C2905D02046FFF75C
:1034D000E1FF08B90C23237023780C2B1BD025792E
:1034E0001DB1C2B903B0BDE8F08FAAB9023354F8D8
:1034F00023005246036849469B6898472378023365
:1035000054F8230000F0A4F90028EBD00123E7636E
:1035100084F83830E6E7002563885FFA85F8EB40E9
:10352000DB0737D404EB850BDBF80860002E31D0C5
:1035300041462046FFF7AEFF60B333695246009321
:10354000B36849460193336830469B689847DBF877
:103550000820009B11698B421CD24046FFF774FE85
:1035600008B1022916D99368019A00209B1A18BF46
:10357000012384F83830234604F1380103F8088B1E
:1035800053F8042B02B110618B42F9D10023E76399
:103590002371A7E701350C2DBED1A3E7F8B51F466F
:1035A000D3070646154610D401F108046DB154E95D
:1035B000021217B10B4611461A46521A3046023D06
:1035C000FFF774FFADB20834F0E7F8BD2DE9F04F16
:1035D00085B0044693468A4602F038FA0146814691
:1035E0002046FFF7D3FE217802460C2905D020465D
:1035F000FFF750FF08B90C23237023780C2B1ED043
:10360000267916B9DAB9002615E0C2B9023354F8A2
:1036100023005A4603685146DB68984723780233F3
:1036200054F8230000F014F928B10123064684F869
:103630003830C4F83C90304605B0BDE8F08F002526
:1036400004F10803039304F1040858F8047F002FE1
:1036500039D029462046FFF71DFF0646002832D004
:103660003B695A460193BB68514602933B68384612
:10367000DB689847D8F80020019B11698B4222D261
:103680002846FFF7E1FD08B102291CD99368029A88
:1036900000219B1A18BF012384F8383001232371BD
:1036A000039B2570C4F83C90383453F8042B02B1C6
:1036B00011619C42F9D1064B00211B68986C03688C
:1036C0009B6A9847B7E70135EDB20C2DBDD19AE75B
:1036D000EC0600202DE9F843436C0446002B4FD044
:1036E00002F0B4F9014605462046FFF74FFE0746B3
:1036F00010B92379002B43D094F848302A4E63B98F
:10370000012384F8483002F0A1F9E06494F85000F5
:10371000616C06EBC000FFF75BFE94F8503020466A
:1037200056F8338000264146FFF73CFE606C036884
:103730001B699847FF2828BFFF208146F3B29945AF
:103740000CD9606C03685B699847011E04DB424634
:10375000C9B22046FFF73AFF0136EFE797B1E36CB5
:10376000ED1AB5F57A7F0BD994F850300133DBB2FE
:10377000042B88BF002384F85030002384F848309D
:10378000BDE8F88323780C2BFAD0023354F82300D9
:103790000368DB6998470028F2D1E36CED1AB5F5B0
:1037A0007A7FEAD8ECE700BF7CA70008002370B559
:1037B000044690F8386080F83830FFF78BFF04F14A
:1037C0000805383455F8040B10B103689B69984715
:1037D000A542F7D1304670BD08B5074B1A68D2072D
:1037E00008D40C2205480649027001221A60054AD5
:1037F00006F07AFE014808BD2007002024070020BB
:1038000021320008040F00207047000070470000BC
:1038100070470000704700007047000070470000CC
:103820000120704710B5044602F08AF9204610BD09
:10383000064AC0E900210022C0E9022280F83820AF
:103840004FF6FF7242878287704700BFACA700081F
:103850000346D0E902218A4216BF01200020DA6027
:103860007047000090F8380070470000122A0B469D
:1038700028BF122200F114015200184606F0A6BE1D
:103880001229A8BF122170B5044610461E460D46E7
:103890004A00014604F1140006F098FE226984F8FB
:1038A000385001322261626882F84060A3680133B7
:1038B000A360BDF910306387BDF91430A38770BDD4
:1038C0000B20F0B5D20800FB0212BDF81460BDF861
:1038D0001850BDF81C40914203F1100377D04F7887
:1038E000087807F0070740EA0720704390FBF5F0DF
:1038F000204423F8100C88784F7800F03F004001F6
:1039000040EAD700704390FBF5F0204423F80E0CFA
:10391000C8788F78800040EA97100F790B3107F054
:10392000010740EA8720704390FBF5F0204423F81C
:103930000C0C11F8060C11F8077C00F00F00C00108
:1039400040EA5700704390FBF5F0204423F80A0C3E
:1039500011F8050C11F8067C00F07F00000140EA28
:103960001710704390FBF5F0204423F8080C11F871
:10397000040C11F8057C400040EAD71011F8037CD4
:1039800007F0030740EA4720704390FBF5F020441E
:1039900023F8060C11F8020C11F8037C00F01F004C
:1039A000800140EA9700704390FBF5F0204423F833
:1039B000040C11F8010C11F8027CC00040EA571009
:1039C000704390FBF5F0204423F8020C83E7F0BD30
:1039D00070470000012380F84C30704770470000AA
:1039E0007047000010B5044602F0AAF8204610BD4A
:1039F000F0B500244FF6FF770126944219D0013428
:103A000001EB44035B7811F8145043EA0523BB42F1
:103A1000F3D0C3F3832506FA05FC056CC3F3C32377
:103A200045EA0C050564456C06FA03F32B43436431
:103A3000E3E7836C5A1C042B826416D9D0E9105634
:103A400000231A4619460E4F57F821400131A5426E
:103A500008BF0132B44208BF01330C29F4D1012B55
:103A600004D142B90B2380F83E30F0BD012A02D1C7
:103A70000BB90A23F7E70023C0E910338364F2E7A8
:103A8000F4A700084FF6FF7081420CD041FA02F013
:103A900000F00F001860012000FA02F2009B013ACA
:103AA0000A401A6070470020704700002DE9F04F6F
:103AB0009846D0F8843085B0CB1AC82B04461546FA
:103AC0000E9FBDF83C9008D990F83E302BB10023F2
:103AD000C0E91033836480F83E30C4F88410EB688A
:103AE00003F0F013B3F1E01F49D195F90230002B38
:103AF000B4BF0722052294F83E60002E41D04FF457
:103B00007A7B05EB42060DF10C0AA878E97894F867
:103B10003E2041EA0021CDF800A002AB2046FFF78D
:103B2000B1FF10B3029A91451FD940F2A4613B88BE
:103B30009A4224BF531C3B8094F83E300A2B02BFAC
:103B4000039B5B000393039B012AA3F580630BFB9C
:103B500003F393FBF1F303F2DC5303931CD018D36C
:103B6000022A1BD0029A28F812300235B542CCD175
:103B70003B8801200D2B04BF0C233B8006E007226D
:103B8000B9E720462946FFF733FF304605B0BDE8C8
:103B9000F08F02220292E5E70022FBE70122F9E71B
:103BA000F7B51E4690F880300446102B01BF002365
:103BB00080F8803080F88130036190F880300D46C5
:103BC000102B01BF002380F8813080F88030036122
:103BD00090F8810018B1012811D000200BE0D4F832
:103BE0008830CB1A042BF8D9012384F8702084F88C
:103BF000813084F88030C4F8885003B0F0BDD4F828
:103C0000881094F88030691A042906D92BB1002055
:103C100084F8800084F88100EDE7591CC9B2234480
:103C20000F2984F8801083F87020D6D94FF47A7267
:103C300004F1700700913B466A4304212046FFF7D8
:103C4000C7FEBDF824303A46019304F18C0300937B
:103C5000294633462046FFF729FF002384F88030A9
:103C600018B984F881002061C5E7B4F88C20089B5E
:103C70001A80C0E7F0B500F1580604468C4633467A
:103C80008BB004AF00F1700E3D46186859680833D8
:103C900003C573452F46F7D10C2301930DF10E0395
:103CA0000093614604AB2046FFF77AFFC8B1354662
:103CB00004AB0AAF1A4603CABA42286069601346C9
:103CC00005F10805F6D1BDF80E10042909D94FF009
:103CD000FF333246CDE90033C9B200232046FFF757
:103CE000CFFD0BB0F0BD000013B504460DF1070386
:103CF000903003F01BFA50B14FF47A73D4F8A0104F
:103D00009DF80720B1FBF3F12046FFF7B3FF02B0A7
:103D100010BD0000B2F5E13F38B504460D4608D1AC
:103D200001F094FE2A4601462046BDE83840FFF7E0
:103D3000A1BF38BD7047000010B5044601F000FF78
:103D4000204610BD38B504461546FFF771FD2046E4
:103D5000084B002240F8403B4FF4E13103F0CCF92E
:103D6000002384F8885084F8893084F89230204603
:103D700038BD00BF2CA800084FF4C86340F26B3276
:103D800070B58CB0CDE901324FF47A730D46102234
:103D90000331009304AB0646FFF792FDA87EFDF7C2
:103DA000A1FA0E49FDF7F2FA6C7E0D49C4F3C00486
:103DB0000546FDF789FC00B9094D4FF0FF33284651
:103DC0000193FDF7CFFCC0B20090234604AA102156
:103DD0003046FFF755FD0CB070BD00BF3333A34034
:103DE00000007F4308B510F8611F0231C9B2FFF728
:103DF00005FAB0FA80F0400908BD000037B5D0F8E8
:103E000080300446CB1AB3F5FA6FC0F880100FD398
:103E100000237E2A80F87D3080F884300ED194F81B
:103E200084306BB97D2A10D1012384F8843005E0F9
:103E30007E2AF4D090F87D30002BF0D103B030BD55
:103E4000002382F0200284F8843094F87D00431C23
:103E5000DBB22044022B84F87D3080F8602005D14D
:103E600094F86120192A0AD0082A07E0032B06D10A
:103E700094F86220EAB994F86120192A15D194F8CF
:103E8000622004F16005CAB91D2BD7D100930A4600
:103E900020462B460A21FFF79BFD2046FFF7A2FF95
:103EA00018B129462046FFF767FF002384F87D30CC
:103EB000BBE7012AF9D194F86120D5E7012A0CD19A
:103EC0000C2B0AD100930A4620462B460A21FFF705
:103ED0007FFD2046FFF786FFE7E71D2BE5D0ADE726
:103EE00013B5436804465B6C9BB990F888301BB1EE
:103EF000C36DC2650A4619460DF1070304F140007F
:103F000003F014F928B19DF80720216D2046FFF732
:103F100075FF02B010BD0000B2F5E13F38B50446B0
:103F20000D4608D101F090FD2A4601462046BDE825
:103F30003840FFF763BF38BD2DE9F74F91460D4676
:103F4000044619220021484606F04CFB102D4FF084
:103F50000F03A8BF10254FF0000B4FF0010A40F2ED
:103F6000FF772C4EDFF8B08089F8003004EB450570
:103F7000AC424CD034F8023B18460193FDF7B2F93D
:103F80003146FDF7BFFB00283FD0019B1846FDF7E7
:103F9000A5F9FDF7E7FB80B2FDF7A4F93146FDF77F
:103FA000EBF84146FDF7F2F9FDF7DCFB80B2B842D1
:103FB00028BF38464FEADB039A44C3EB43135FFA4A
:103FC0008AFA0BEBC303DBB219F80A2000FA03F1FB
:103FD0000A4309F80A200AF1010119F801C0C3F1E6
:103FE000080240FA02F242EA0C0209F80120C3F189
:103FF00010020AF10201104119F801200B330243AB
:1040000009F801205FFA83FBB2E73046C1E703B04D
:10401000BDE8F08F00005C442771CD3F7047000081
:10402000B0F94C0070470000B0F94E007047000036
:10403000806D704790F8543013B190F8300070479D
:104040001846704713B50446FFF7C6FBFFF706F99D
:10405000002201230092064904F1640000F006F9F1
:10406000012384F8603084F8543002B010BD00BFE2
:104070002411002080F8601011B9643000F064B998
:104080007047000008B5FFF7A7FBFFF7F5F901201F
:1040900008BD000037B590F854500446A5B100F1B2
:1040A0003401502201A801F003FED4E90A010023E3
:1040B000226D994208BF9042C4E90A2301A814BFA7
:1040C0000125002501F010FE284603B030BD000098
:1040D00073B590F8544005460E4694B190F83030D0
:1040E000122BA8BF122399420EDA00F1340170227C
:1040F00001A801F0DDFD05EB460501A8AC8801F043
:10410000F3FD204602B070BD0024FAE773B590F8C5
:10411000544005460E468CB1122A28BF122214467E
:1041200000F13401862201A801F0C2FD6200291DC0
:10413000304606F04BFA01A801F0D6FD204602B049
:1041400070BD0000F7B590F854300446002B46D0FF
:10415000FFF742FB94F860300546CBB1002701A978
:10416000D4F8B800019701F04BFF014680B1019EE1
:10417000072E0DD9F6087200284692B294F8C03086
:10418000FFF70CFAF100D4F8B80001F0B9FEE6E749
:104190002846FFF70BFB10B3BE2204F1340101A83F
:1041A00001F086FD01F050FC20652846FFF738F944
:1041B0001228A8BF1220C2B284F83020211D284640
:1041C000FFF738F92846FFF73FF9A4F84C002846D6
:1041D000FFF746F9A4F84E0001A801F085FD03B0F1
:1041E000F0BD000038B50546044655F8040B202103
:1041F00005F0B6FE2A46236803F1200153F8040BAC
:104200008B4242F8040BF9D1A36A5A68136823F071
:104210000F031360A36A1A68597B0E238B40536007
:10422000A36A5A68236DDB684C339360A36A2268E3
:104230005B68DA600822A36A5B685A60A36AE26A74
:104240005B681A60A36A5A68136843F0010313603D
:10425000606D01F03BFE1F2806D92946606D2022C3
:10426000BDE8384001F0AABE38BD0000012AF8B50B
:1042700004460E4615461F4601D90020F8BD2F4BB7
:1042800000221B682021586D03681B6D9847206031
:104290000028F2D02665202383F31188284A23467C
:1042A0000C21384603F0D4FE0023A06283F311886A
:1042B000A26A5168F2684C328A6040F68A22E26251
:1042C000A26A21685268D1600821A26A52685160CE
:1042D000A26AE16A526811601A4AC4E90E33236483
:1042E000626384F8445001230DBB4FF4007284F8DC
:1042F0003050A26484F85C3004F13001206D04F089
:1043000001FD40F20D12236D2946DB689A64A36A11
:104310005A68136843F001031360236D0222D868C2
:1043200005F0E2FD206D04F0FBFC0120A6E784F817
:1043300030304FF48063A364DEE700BFEC0600205A
:10434000E541000840420F0010B50446006D04F03E
:10435000F5FCA36A5A68136823F00F031360A36A7D
:10436000597B1A680E238B40536010BD70470000C4
:1043700070470000002070470020704713B56B465F
:1043800083E8060000F1140493E8030084E80500C4
:1043900002B010BD0020704713B56B4683E80600DD
:1043A00000F10C0493E8030084E8050002B010BD9E
:1043B0000023C0E90333704782B002AB03E9060073
:1043C00002B070477047000000207047704700003F
:1043D00000207047002070477047000000207047A1
:1043E0000020704782B002A901E90C0002B07047BA
:1043F0000F2070470F207047012070477047000062
:10440000002070477047000070470000012070478F
:10441000012070470120704728307047002082B08B
:1044200002A901E90C0002B07047000000207047AB
:104430000020704700207047002070470020704720
:104440007047000000207047704700007047000070
:1044500038B5084B0446036090F8BC3043B9D0F837
:10446000B8502DB1284601F009FD284601F068FB3F
:10447000204638BD54A8000810B50446302001F08D
:1044800059FB70B1002302220371C0E90333C0E974
:104490000533037A62F302030372034B0360034B99
:1044A00083622060204610BD1CA900080CAC0008E7
:1044B0000022026070470000002202607047000086
:1044C00010B5044B04460360406A08B101F03EFB9E
:1044D000204610BD88A8000810B50446FFF7F0FF7D
:1044E000204601F02DFB204610BD00001C4A10B5EF
:1044F00082601C4A0446C2601B4A1C4B02611C4A73
:10450000036042611B4A1C4B82611C4A4360C261CA
:104510001B4A02621B4A42621B4A82621B4AC262F7
:104520001B4A0263002242631A4A82631A4AC0E9A4
:104530000F231A4B43641A4B83641A4BC3641A4B00
:1045400003651A4B43651A4B83651A4BC3651A4BB7
:10455000036601F071FA194B2046236010BD00BFBD
:10456000780900208009002088090020DCA80008C4
:10457000900900209809002070090020A00900205F
:10458000A8090020B0090020B8090020680A00200E
:104590006C0A0020680B0020640A002080070020BD
:1045A0008807002058080020700A0020C009002059
:1045B00084040020800400206C0B0020C4A90008A3
:1045C00008B5202383F31188074B1B689A68596B41
:1045D0008A4201D0824200D29860586305F076F991
:1045E000002383F3118808BD50080020254D264E76
:1045F0002B60B269254B80B5B4201A6005F098FA9B
:1046000005F0ACFC224B00211F683846FEF77CFD0C
:1046100003684FF4E1315B6A9847B86B03681B6825
:104620009847386D03681B6898470A20FFF7C8FF52
:1046300005F0DCFC40B11321164805F0E7FC4C22E4
:104640001449881805F0C2FF0123134C2868A3738E
:1046500003681B68984705F095FC204602F08AFF26
:10466000386D03681B6B9847B3690C4AB4209A6194
:1046700005F05EFA286803685B689847204602F0F8
:1046800079FFF7E754080020341300205008002079
:10469000EC060020C4090020700A0020B0A9000820
:1046A000014B1868704700BF5008002010B5054C3A
:1046B0002368DB0704D40448FFF718FF01232360B5
:1046C000014810BD7C070020700B002038B53C4825
:1046D00002F004F83B4802F001F83B4801F0FEFF0D
:1046E0003A4801F0FBFF3A4801F0F8FF394801F081
:1046F000F5FF394801F0F2FF384801F0EFFF384884
:1047000001F0ECFF374801F0E9FF374B374A3848F2
:104710001A60384B384A394C1A6001F047FF384864
:1047200001F078FF374803F0BFFA2046364B2422C9
:1047300040F8043B002105F055FF04F1340002F07D
:10474000B9FF4FF0FF33E3640023C4E92D330123A5
:10475000142084F8BC3001F0EDF9054618B14FF48F
:10476000816101F079FBC4F8B8500025274A284937
:1047700084F8BC50214805F0B7FE264C3023204673
:104780002371254B40F8103B02F094FF4FF4C8739F
:10479000C4F8A83001231D4A2049204684F800317E
:1047A00005F0A2FE1E4802F085FE184A1D491C486D
:1047B00005F09AFE1C4B1D4A83F89C501A6038BDC8
:1047C0007009002078090020800900208809002055
:1047D0009009002098090020A0090020A8090020C5
:1047E000B0090020B8090020680A0020E8A80008E5
:1047F000680B00206C0A00207CA9000888070020B4
:10480000640A00208007002054A80008040F00203C
:10481000514400085808002048AA000849440008EC
:10482000700A00204D440008C0090020B8AF0008FD
:10483000704700007047000000207047704700007C
:104840007047000070470000002070470048704724
:104850000000C84270470000704700007047000029
:10486000002070477047000070470000002070472C
:10487000704700000187428770470000038F0B805C
:10488000438F01201380704770B50546048F08469A
:10489000FCF724FD06462046FCF724FD0146304681
:1048A000FCF76AFC0146FCF769FC0646688F001BB2
:1048B000FCF718FD01463046FCF71CFE4FF07E5118
:1048C000FCF75AFC70BD000090F83C30D940C0F8AD
:1048D0001011704701232DE9F0479E4690F83C7077
:1048E00040F201380020DFF848C0F9400CF104091B
:1048F00003EB0C042246002509EB030A12F8016BB6
:104900000EFA06F60E4218BF01255245F6D145B102
:1049100014F8015B0EFA05F50D4208BF28439442D6
:10492000F6D103F580734345E2D1B840BDE8F08786
:10493000D80B00200F299FBF90F83C30C91AC9B28C
:1049400000EB410194BFB1F8640000207047000003
:104950000F299ABF203130F8110000207047000065
:10496000102A28BF1022F8B505460E461746002427
:10497000E1B2B94207D22B6828461B6C984726F84B
:1049800014000134F4E7F8BD012380F8C430704707
:1049900000207047002070470020704770470000DB
:1049A000012380F80231184670470000022380F886
:1049B0000231704770470000F8B506460F460C4CB0
:1049C00004F54075E36DD6F8C82013420AD14BB107
:1049D000A16894F87230B1FBF7F1E16013B1E06BBC
:1049E00004F0F2F904F58074AC42EBD1F8BD00BFDD
:1049F000D80B0020102A28BF102210B490F83C30A9
:104A00000C46934209D2D21AD2B200F1640152008C
:104A100004EB430010BC05F0D9BD10BC704700008A
:104A20002DE9F04F89B0524B8046D3F8009002AF89
:104A3000D9F850000D46036816465B6B98477861BD
:104A400058B94C4B32462946D9F8540001F0CCF9FC
:104A500001201C37BD46BDE8F08F98F83C104FF0A0
:104A6000000E01F10C03FB6001F1130303F4FC736E
:104A7000ADEB030D02AC234601F10B02224403F817
:104A800001EBA2EB030CBCF1000FF8DA00239A460D
:104A9000DFF8F0C00CF105027A600CEB030292F82B
:104AA00058B0BBF1000F18D0334A02EB030E7A68FE
:104AB0001A44BA601EF8012BFF2A0BD00A44D2B266
:104AC0003A61D7E90320824282BF0246D7F814A098
:104AD00004F802B0BA689645ECD103F58073B3F5DB
:104AE000407FDAD1D9F85400BAF1000F05D1234B39
:104AF0003246294601F078F9AAE73246204B29468A
:104B000001F072F94FF00109002298F83C3003F1EE
:104B10000C0189451AD204EB090313F8013C14F87F
:104B2000091099420BD07BB10132D2B20092CDF87C
:104B3000049032462946404601F016F84A4609F1EB
:104B400001095FFA89F9E0E74A46F8E70B33DBB27F
:104B5000E35C002B3FF47CAF0132C9B2D2B20191C9
:104B6000009229463246404600F0FEFF70E700BF43
:104B7000EC06002018AA0008D90B00202CAA000877
:104B800038AA0008D80B0020F8B5044690F83CC0BD
:104B90002548174601220646A1EB0C01C9B28A40FE
:104BA00000F5407E90F85850042D1AD0C56D2A4269
:104BB00017D00025421C12F801EB8E4508BF80F883
:104BC000E6500135EDB2042DF5D1E062F26D23FA25
:104BD0000CF313420DD023682046DB6F984700206A
:104BE00021E000F580707045DCD1E06A0028F2D148
:104BF00019E0D6F85C211342EDD1D6F85C221342BD
:104C0000E9D10A4DFF20AB6923635B6B636304F05A
:104C10008FFF074A0120B2FBF7F2E36AA3F8E42012
:104C2000AA69044B1A61F8BDD80B00203413002088
:104C300040420F00D80E0020642A10B521D901B3DC
:104C40001C4B93F85840023C022C1AD993F8584157
:104C5000023C022C15D993F85832023B022B10D992
:104C600001FB02F380F8AC109BB2B3F5487F10D281
:104C700090F8AC300133DBB280F8AC3053439BB2D8
:104C8000F3E74FF47A73C0F8A830002380F8AC3013
:104C900010BDB3F57A6F07D94FF47A6393FBF2F343
:104CA00080F8AC3053439BB2034AB2FBF3F3C0F835
:104CB000A830EDE7D80B002040420F002DE9F74364
:104CC00090F801310546002B5FD10126304C04F5E8
:104CD0004077A4F10508631FA3EB0803C3F3072380
:104CE00006FA03F384F85360C4F8D730221F12F891
:104CF000013BFF2B10D095F83D1001338B42B8BF1C
:104D00000B4685F83D3012F8013C06FA03F1D4F861
:104D100057300B43C4F85730A242E8D1D4F857308B
:104D200033B1E11CD4F8370004F02CF884F86D603E
:104D30004FF0000904F5807444F8619CBC42CAD16C
:104D4000012405F1E80004F019FC95F83C102B68EB
:104D500004FA01F10139C5F8BC9081F47F415B6828
:104D6000322281F0FF01284698470A4B85F802411C
:104D70001B68094A186D01920368009502AA5B6AD4
:104D800012E90600984785F8014103B0BDE8F083B9
:104D9000DD0B0020EC060020215500082DE9F04134
:104DA0000C4691F858C0896FD4E902658BB2B3F50F
:104DB000C87F02D8BCF1030F20D1314BA360E06B58
:104DC000DFF8C0E0426843691268B3FBF2F3013BCD
:104DD000B3F5803FA26806D247683F6803FB0773BC
:104DE0004769BB420DD072450BD95208A260426898
:104DF00043691268B3FBF2F3013BE9E7214BA3607F
:104E0000DDE7ACF1020CBCF1010F8BBF89B20023CE
:104E1000B2FBF1F1E36088BFE160234600214FF06F
:104E2000010E4FF0100804F1200C5F690833022FC7
:104E300008BFC3F80CE0DF6808BF0121202F04BFC2
:104E4000C3F80C8001219C45EFD1964294F8723052
:104E50000AD1E268AA4207D14BB131B9E168E06BEF
:104E6000BDE8F04103F0B0BF0BB103F09DFF04F1CA
:104E70000801E06B03F086FF012384F87230EDE750
:104E800000127A0040420F002DE9F84390F83C30C0
:104E9000074631FA03F6904620D0124C04F54079CB
:104EA000B8F5C87F1CD994F85830042B0CBF454680
:104EB0004FF4C875E36D1E420CD021463846A567F5
:104EC000FFF76CFF322D81BFD7F8C830E26D134376
:104ED000C7F8C83004F580744C45E1D1BDE8F883CB
:104EE0004546E7E7D80B00200F29F0B51CD890F80D
:104EF0003C308B4218D8C91A00230C4DC9B26F1C24
:104F000000245819FE1816F801EB5FFA84FC8E4550
:104F100002D182F800C0F0BD0134042CF3D103F5B6
:104F20008073B3F5407FEBD10020F4E7D80B00206D
:104F300007B50DF10702FFF7D7FF48B1C36B5A68F9
:104F40009B681068B0FBF3F080B203B05DF804FB1F
:104F50003220FAE737B50DF1070204460D46FFF798
:104F6000C3FF50B194F83C10236E6D1A0121A94083
:104F70000B432366036E1943016603B030BD000086
:104F800073B50DF1070205460E46FFF7ADFF044667
:104F900080B19DF80710C06B03F032FF95F83C100C
:104FA0002B6E761A0121B140C9430B402B66236E4C
:104FB0001940216602B070BD2DE9F743994690F87B
:104FC0000131804615460A9E03F0FF0723B90027EA
:104FD000384603B0BDE8F083002AF8D0002302AAC7
:104FE00002F8053DC9B2FFF77FFF04460028EED066
:104FF00040F6CB0200F1B40101A800F059FE94F88C
:10500000AC3094F85820AB4201D34A451CD0093A41
:10501000012A48D9B9F1090F08D0B9F10A0F17D000
:10502000002784F8AC7084F8AE700DE094F8AC30D2
:105030009D424FF0090398BF94F8AC5084F8AE300D
:1050400098BFEDB284F8AC5001A800F04DFEBFE768
:1050500094F8AC3002359D424FF00A03D8BF94F863
:10506000AC5084F8AE30D8BFEDB2EDB2002384F876
:10507000AC50012584F8AD30601C10F8011B98F885
:105080003C200A4405FA02F232421EBF94F8AD10E9
:1050900005FA03F20A4303F1010318BF84F8AD20B7
:1050A000042BEAD1D0E70027CEE70000F7B590F84F
:1050B0000131064603F0FF0553B3C3687BB30DF11E
:1050C0000302C9B2FFF710FF044630B300F1B40188
:1050D00040F6D91201A800F0EBFD94F8AC30D3B142
:1050E000012294F85830093B934214D894F8B03018
:1050F00003F0FF074BB184F8AF204FF4004186F86E
:105100001421F06804F0FCF93D4601A800F0ECFD24
:10511000284603B0F0BD0025F7E70546F8E71D4631
:10512000F6E70000F8B591F8723005460C462BB151
:10513000C86B03F039FE002384F87230002394F822
:105140005820C4F8F030023AC4F8F430082A17D8CE
:10515000DFE802F04141053D3D3D3D3E3E00661C1D
:10516000671D16F8011BFF2908D095F83C30002276
:1051700019442B68C9B25B6928469847B742F0D1F9
:1051800021462846FFF70AFE94F85830F3B194F808
:105190007250DDB904F10801E06B03F0F3FD012367
:1051A0001E4684F87230E71817F8013BFF2B09D030
:1051B000226E06FA03F3134204D000222946E06B64
:1051C00003F00EFE0135EDB2042DEDD1F8BD012343
:1051D00084F85830D4E7E3600123A36794F8723071
:1051E000002BCDD00021E06B03F0EEFDC8E70000FE
:1051F0002DE9F04105460F461646104C04F540785F
:10520000E16D95F83C2001FA02F23A4210D0012EED
:1052100082BFD5F8C8300B43C5F8C83094F8583071
:10522000B34205D02146284684F85860FFF77AFF3C
:1052300004F580744445E3D1BDE8F081D80B00202B
:10524000F8B500F1E8050446284604F0FDF9002809
:1052500045D000F0FDFBD4E93867B94208BFB04241
:1052600008D21F4B311A1B6889B21B6D1A68184689
:1052700092689047202383F311881A4B01271869FD
:105280000023194E80B9F11891F85820023A012AEA
:105290000AD894F8FC204FEA232C22FA0CF2D20709
:1052A00042BFCA6B9269576103F58073B3F5407FC3
:1052B000E8D1002383F3118800F0CAFB0027B4F87B
:1052C000FE6016F1320247F10003861841EB030736
:1052D000C4E938672846BDE8F84004F0BFB9F8BD16
:1052E000EC060020D80E0020D80B00202DE9F04F4E
:1052F00090F83E2085B00546002A00F0A9804FF0C6
:10530000FF339340026E4FF0000822EA030301933B
:10531000514BC2461B68C146586D03681B6A9847CB
:1053200083464E4BEF6A03EB0806002F75D196F8C3
:105330007230002B71D001224FEA282302FA03F3C6
:10534000DBB200930292F3195A78F9B2FF2A61D0C6
:10535000029B03FA02F0336E18425BD0019BD340EC
:10536000DB0757D505EB4203BBF1010FB3F86440EF
:1053700009D195F83C301344D5F80C210BFA03F30E
:10538000134208BF002496F85830042B22D1B5F8F8
:1053900038C0F06BA4451BD26A8F8368A24206D93D
:1053A000A4EB0C046343A2EB0C02B3FBF2F31A462A
:1053B000039303F015FD039B1C4696F85800831ECB
:1053C000012B1FD8A14540D3009B43EA0A0A21E0E4
:1053D0000023ECE7032B0AD1B268214BF06BB2FB40
:1053E000F3F26243D20803F0FBFCE408E5E7042B88
:1053F000E3D8B2681A4BF06BB2FBF3F2624303F0EE
:10540000EFFCDAE7A0F10903012BDBD900F0F0FB98
:105410000028D7D10137042F95D108F58078B8F549
:10542000407F7FF47EAF40F6FC03994528BF994644
:1054300085F8FCA0A5F8FE90BAF1000F08D0284628
:1054400005B0BDE8F04FFFF7FBBE1FFA84F9BBE7DC
:1054500005B0BDE8F08F00BFEC060020D80B00209F
:1054600040420F000F2930B429D801F1200320F861
:10547000132090F83C40A14221D390F80231012B37
:1054800005D1D0F80C518B402B4208BF0022091BDC
:10549000C9B200EB4103A3F8642090F83D308B4281
:1054A0000DD990F83E3001319942B8BF194690F8B5
:1054B000C43080F83E1013B930BCFFF717BF30BCC2
:1054C00070470000002280F8C420FFF70FBF0000E3
:1054D00038B5084B04461D68686D03685B689847DB
:1054E00020B96B6D94F8022183F84E2094F80201E4
:1054F00038BD00BFEC06002010B5044600F0A6FA47
:10550000D4F80431C31A632B07D9044BC4F804013F
:105510001B6813B11B89C4F80C3110BD080F0020A3
:10552000FFF7EABF0538C0B205289ABF024B53F80F
:1055300020000120704700BFC8A900082DE9F04FE6
:105540000F4687B080462749384600F0BFFA264C00
:10555000DFF8A4B004F54079D8F82C30A3423ED04F
:1055600094F8580000F044FB94F8583090B3184673
:10557000FFF7D8FFDBF800504543E36B94F8580081
:105580005E6900F035FB29460246304600F036FBE6
:105590008246E36B94F840205E69144B94F85810EF
:1055A0004046B6FBF3F6059200F0D2FAE36B0295A3
:1055B0005B69059AB3FBFAF30D49CDE9000304F5E5
:1055C00080743346384600F081FA4C45C4D107B0A8
:1055D000BDE8F08F1846FFF7A5FFC500CDE7054DE4
:1055E000CBE700BFE0A90008D80B002040420F0025
:1055F000E9A9000800EE02008804002091F8580094
:105600000938012814D801EB8202D2F8CC109DF899
:10561000000003EB4303C854D2F8CC109DF80400FB
:1056200019444870D2F8CC2013449DF808209A7091
:10563000704700002DE9F04F8DB007939DF858306A
:10564000064608939DF85C300691099390F8013165
:10565000904603F0FF05002B73D04FF000090CAA11
:1056600002F8059D9DF81810FFF73EFC044600283F
:1056700000F0B08090F8AF3003F0FF07002B40F04F
:10568000AB8000F1B40140F67A120BA800F010FBD9
:1056900094F8AC30002B50D094F8AC3098454CDAEC
:1056A00094F8583094F8AE20934202D0093A012A77
:1056B0001DD9093B012B40D8B8F1FF3F5DD1012333
:1056C000002784F8B03094F8AC20FBB29A4207F17E
:1056D00001077DD909999DF82B2002910899304640
:1056E0000191079900912146FFF788FFEBE704F14C
:1056F000CC0BDA46B94604F1DC0305935AF8040BE7
:1057000008B100F023FA4AF8049C94F8AC0000EBCE
:10571000400000F019FA4AF8040CB0B905465BF8ED
:10572000040B08B100F012FA059B4BF8045C5B45D2
:10573000F5D184F8AE5084F8AC500BA800F0D4FA40
:105740003D4628460DB0BDE8F08F059B9A45D5D162
:1057500001210698336894F8AE20D3F88030814058
:105760003046984794F8582094F8AE309A42A3D027
:1057700084F8AE9084F8AC90DFE794F8B03003F092
:10578000FF07ABB90123B94684F8B03094F8AC10E8
:10579000FBB299429DF82B2007F1010708D9CDE90A
:1057A0000199CDF8009021463046FFF727FFEDE73D
:1057B000099B9DF82B200293089B21460193079B90
:1057C000304600935FFA88F3FFF718FF2F46B4E7DF
:1057D0002F46B2E70546B4E74D46B2E72DE9F0475C
:1057E0004FF48078424C42460021204604F0FAFEF5
:1057F0004FF6017301254FF0FF0944F620664FF084
:10580000020A63803B4B3C4FE3633C4B04F1B40022
:10581000A3642B44E36484F8049084F840A0C4E9B2
:1058200002766561E56101F045FF42460021A0185E
:1058300004F0D8FE84F8019184F8029184F803A161
:105840004FF003094FF0040A2D4B04F5DA70C4F849
:105850003C312C4B84F80491C4F850312B44C4F8EB
:105860005431C4F80871C4F80C61C4F82451C4F868
:105870002C5184F840A101F01DFF4246002104F59F
:10588000007004F0AFFE052384F80232062384F88A
:105890000332072384F804321B4B04F52D70C4F83F
:1058A0003C321A4B84F801A2C4F848322B44C4F8A5
:1058B0004C3203F2F933C4F850322B44C4F8087266
:1058C000C4F80C62C4F81452C4F81C52C4F8245230
:1058D000C4F82C5284F84092C4F8543201F0EAFE25
:1058E000BDE8F0470A4A0B49002004F0FDBD00BFA7
:1058F000D80B00203C11002040420F00000801405E
:1059000074110020080C01405811002006080140C5
:10591000040F00209D49000870B51E46164B1C68F8
:1059200044B3636CDB0725D5144B1D686C6D94F88C
:105930004630C3B9124BE2619A69A4F8440084F876
:10594000461062B1936884F84730916939B194F98F
:10595000483023B9042204F1480000F07BF8094BD9
:105960005B68C4E90836686D1321BDE870400430F7
:1059700004F046BB70BD00BF080F0020EC060020FD
:105980003413002000ED00E030B589B0EFF3098357
:105990006C4603F12005224618685968083303C293
:1059A000AB421446F7D1EFF30581044BC9B29A6BB1
:1059B0006020059BFFF7B0FFFEE700BF00ED00E0B1
:1059C00030B589B0EFF309836C4603F12005224618
:1059D00018685968083303C2AB421446F7D1EFF395
:1059E0000581044BC9B29A6BA420059BFFF794FF75
:1059F000FEE700BF00ED00E030B589B0EFF30983AA
:105A00006C4603F12005224618685968083303C222
:105A1000AB421446F7D1EFF30581044BC9B25A6B80
:105A2000C820059BFFF778FFFEE700BF00ED00E010
:105A3000FEE70000FEE70000704700000FB408B565
:105A4000029803F0B3FFFEE704F020BA04F042BA74
:105A500004F0F0B970B50C460646114620461546CE
:105A600004F0DEFD854288BF013002462146304603
:105A7000BDE8704004F0AABD70B5467B05460EBB7C
:105A80004468836804EB8404A40804F50074E21AF3
:105A9000914288BFCC180C4B621C1B682968586D5A
:105AA00003681B6E984718B901232B73304670BDED
:105AB000AB68C5E90004E21A0021184404F092FD25
:105AC0000126F3E70026F1E7EC0600200EB470B5DE
:105AD000017B85B0044619BBD0E901239A421BD053
:105AE000134B0AAD1E6820680095D4E90121099B7B
:105AF000521A0144706D039500F058F900280FDB2D
:105B0000D4E90123D21A82420FD8411C2046FFF764
:105B1000B3FF0028E7D103E0FFF7AEFF0028DFD195
:105B200005B0BDE8704003B070470344A360F7E7D9
:105B3000EC0600200121002808BF084604F046B901
:105B400008B104F047B97047FFF7F4BFFFF7F8BF9B
:105B50000A299ABF024B53F821000248704700BF40
:105B600010AB000854AB00082DE9F04385B0144693
:105B70000A2B98BF194A04AF98BF52F8236004F16A
:105B8000070303F4FC73ADEB030D04AB2246184688
:105B900097F8208097F8249088BF114E0D4604F0A6
:105BA00015FD104AC845034610680CD1CDE90168BF
:105BB000009322460C4B2946406D00F015F904373E
:105BC000BD46BDE8F083CDE90036CDE90289074B3B
:105BD00022462946406D00F007F9F0E710AB0008B7
:105BE00054AB0008EC0600203CAB000845AB0008B5
:105BF000053803288CBF00200120704781422DE921
:105C0000F04706460F4614464BD80846FBF766FB9E
:105C1000804674B13046FBF761FB4146FBF76AFCF6
:105C20002249FBF7ABFA04F065FC441E2046BDE8B0
:105C3000F087B6FBF7F5B6FBF5F9B94505F1FF348A
:105C400001D2012D2BD84846FBF748FB4146FBF714
:105C500093FAB94520F0004A0DD9681CB6FBF0F064
:105C6000FBF73CFB4146FBF787FA514620F000402A
:105C7000FBF72AFDB8B9002CD8D0B945D6D2B6FB6F
:105C8000F4F0FBF72BFB4146FBF776FA514620F088
:105C90000040FBF719FD0028C8D0AC1EC6E725461A
:105CA000C9E70024C2E72C46C0E700BF0AD7233C5F
:105CB000F8B50C4B01601D680446286D1746036853
:105CC0001B6C9847064610B16B6DA3F842702068B4
:105CD00003689B6898471EB100226B6DA3F84220B1
:105CE0002046F8BDEC06002010B5044600680368A5
:105CF000DB689847204610BD0020704700207047A1
:105D00000020704700207047704700000320704754
:105D100000230B70704700000020704770470000A0
:105D20007047000000207047002070470020704737
:105D30004368C26893423CBF8268D15443680133D0
:105D40004360012070470000F8B506460C46002568
:105D50008F18BC4207D0336814F8011B9B6830468B
:105D600098470544F5E72846F8BD00000020704735
:105D70004FF0FF3070470000002070470020704750
:105D800038B590F89C3004468B420D460CD084F810
:105D90009C10FFF75BFE2368C4F8A0005B682046F8
:105DA000984708B984F84D5038BD00007FB50D46BE
:105DB0001446002602B1013A0A49CDE90252CDE962
:105DC00000166846089A194600F036F90198844290
:105DD00002D92E5404B070BD002CFBD02C4404F822
:105DE000016CF7E7A0AB000808B410B585B007ACAC
:105DF00054F8043B00940394FFF7D8FF05B0BDE8C6
:105E0000104001B0704700002DE9F04107460E46F2
:105E10000C4601EB0208A51B4445ADB208D03B6817
:105E200038465B699847431C02D004F8010BF2E73F
:105E30002846BDE8F08100000EB403B503AA52F86D
:105E4000041B036801925B68984702B05DF804EB9D
:105E500003B0704700F0F0B870B500250446C0E903
:105E6000025501200E4603F0B1FFA84208BF2E469E
:105E7000206066602574204670BD000010B5037C6C
:105E8000044613B9006803F0A5FF204610BD0000CA
:105E9000BFF35B8F0068BFF35B8F704770B506463A
:105EA0000C30FFF7F5FF06F1080504462846FFF71A
:105EB000EFFFA04206D928467668FFF7E9FF344491
:105EC000201A70BD2846FFF7E3FFF9E770B50546D5
:105ED0004068A0B105F10800FFF7DAFF05F10C06F4
:105EE00004463046FFF7D4FF844288BF0025304681
:105EF00098BF6D68FFF7CCFF013C2C44201A70BDA1
:105F000038B50C460546FFF7C9FFA04210D305F18E
:105F10000800FFF7BDFF6B682044B0FBF3F4BFF34C
:105F20005B8F03FB1400A860BFF35B8F012038BDBB
:105F30000020FCE72DE9F041144680460D46FFF7AE
:105F4000C5FF844228BF0446DCB1474657F80C6BB6
:105F50003846FFF79DFF304428603846D8F8046083
:105F6000FFF796FF301AA0423BBF6860241A012059
:105F7000022037BFD8F800306C60AB60EC60BDE841
:105F8000F0812046FBE7000038B50C460546FFF7D8
:105F90009DFFA04210D305F10C00FFF779FF6B685D
:105FA0002044B0FBF3F4BFF35B8F03FB1400E86005
:105FB000BFF35B8F012038BD0020FCE72DE9F043E3
:105FC00085B08846694607460024FFF7B3FF25469B
:105FD0008146A1450CDD0DEBC40608EB05015DF81B
:105FE0003400726804F0F2FA736801341D44F0E77B
:105FF00029463846FFF7C8FF284605B0BDE8F083BC
:10600000F8B506460C300F46FFF742FF06F10805CB
:1060100004462846FFF73CFFA042284688BF746824
:10602000FFF736FF201A386020B128463468FFF7A2
:106030002FFF2044F8BD00002DE9F04F07469146A0
:1060400089B00B78002B48D0252B08D001F1010A2C
:106050003A6819469268384690475146F1E74B78BE
:1060600001F1020A252BF3D04FF0000844464546C3
:106070001F2D40D82B2B33D01AD8202B32D0232BD6
:1060800036D0A3F13002D2B2092A3DD868064BBF00
:1060900008EB880804EB840402EB480802EB440494
:1060A0004EBF08F0FF0804F0FF0445F0200505E0AE
:1060B0002D2B1AD0302BE4D145F001051AF8013B05
:1060C000002BD5D125F006066F2BB6B200F0DA8092
:1060D00000F2C380582B00F0CE8009B0BDE8F08FED
:1060E00045F0020545F00405E8E745F00805E5E759
:1060F00045F01005E2E77F2DC3D92E0612D56C2B93
:1061000010D145F48075D9E72E2B04D16B06E4D469
:1061100045F04005D2E76C2B02D145F08005CDE774
:10612000682BCBD0632B35D0732B4FD0642B01D091
:10613000692B76D125F0900615F4807FB6B202ADBA
:106140005CD009F1070929F00703D3E90001002811
:1061500003F1080971F1000304DA404261EB4101E7
:1061600046F080062A460A2300F086F9451BEDB268
:10617000730640F1958026F0010345459BB280F0FF
:10618000AB8006F01402102A02D126F01106B3B239
:10619000C34687E04FF00108D9F8003008AE06F892
:1061A000183D09F104092D0701D444451ED8B04417
:1061B000464500F0F1803B6816F8011B9B683846A5
:1061C0009847002CF4D0013CE4B2F1E7D9F8006024
:1061D00015F0400F14BF41464FF0FF31304604F038
:1061E0001FFA09F1040B8046D946DCE73B68202101
:1061F0009B683846013C9847E4B2D6E7D9F80000DE
:1062000029460028B8BF40424FF00A02B8BF46F006
:10621000800600F0CDF809F1040B451BEDB2D9461C
:10622000A6E7752B7FF44EAF0A2325F01006B6B211
:10623000F20502ADDBB227D509F1070929F0070104
:106240002A4601F10809D1E9000100F015F9451BC2
:10625000EDB226F08006B6B28AE7702B08D0782B14
:106260007FF43BAFF00601D546F004061023DFE7CC
:1062700046F01006F6E7E90601D546F006064FF4AB
:106280000473D5E70823D3E72946D9F800001A4656
:1062900000F08EF809F1040B451BEDB2D946D8E7A2
:1062A000AB463346D80623D508AA2A4412F8192C3F
:1062B000302A13D123F016039BB213F0080229D120
:1062C000DE0719D5A3454AD205EB0408A8EB0B0855
:1062D0005FFA88F8002422E0AB46E3E75A0702D4CD
:1062E0000BF1010B01E00BF1020B5FFA8BFBE4E712
:1062F00013F0860FE1D0F3E73A68A3459268E9D23C
:106300000193202138460BF1010B90475FFA8BFB7C
:10631000019BF1E7A345DDD2A4EB0B04E4B23A689C
:10632000D80692681DD50193302138469047019BCD
:106330005A0708D513F0020F0CBF782158213A688C
:106340009268384690473B6845459B6816D2302195
:10635000384608F1FF3898475FFA88F8F3E7A8460F
:10636000B8E713F0860FEED013F0020F14BF2B2105
:10637000202113F0800F18BF2D21E2E7013DEDB27F
:1063800002AB1D440DF107063B6815F801199B6827
:1063900038469847AE42F7D1002C3FF45EAE3B68DA
:1063A00020219B683846013C9847E4B2F4E700009E
:1063B000082A2DE9F04903D1C30859D01846FBE754
:1063C000102A0ED100F00F0202F13003392B88BFE2
:1063D00002F13703000901F8013BF3D10846BDE89B
:1063E000F08983464FF0000C2BF00102971C4CF112
:1063F00000085FEA58054FEA37045FFA8BF614EBA2
:10640000070B45EB080C4FEA1B1242EA0C721BEB20
:1064100002044FEA1C134CEB0305220A42EA056210
:1064200012EB040B4FEA152343EB050C4FEA1B4418
:1064300044EA0C444FEA1C451BEB04024CEB0503F9
:106440004FF0000C9C184CEB03054FEA141B4BEA71
:10645000057BCBEB4B104FEA151CCBEB80003036A5
:1064600006EB40065BEA0C0301F8016BBCD1B5E713
:1064700000F130020A70B1E7082B2DE9F04806461A
:106480000F4609D1F40844EA4774FD0854EA0503AD
:1064900059D026462F46F5E7102B15D106F00F04EC
:1064A00004F13003392B88BF04F1370302F8013BB4
:1064B000330943EA07733C091E46274656EA070399
:1064C000ECD11046BDE8F08826F00100841C47F1AD
:1064D0000005F3B26F084FEA3406301947EB0501A7
:1064E000040944EA017406194FEA111541EB050746
:1064F000340A44EA076414EB060B4FEA172545EB10
:10650000070C4FEA1B4040EA0C404FEA1C411BEBD2
:1065100000044CEB0105002114EB050B45EB010CCD
:106520004FEA1B1646EA0C76C6EB4614C6EB84040B
:10653000303303EB44034FEA1C1702F8013B56EAE1
:106540000703C1D1BDE706F130031370B9E70000BE
:106550000020704700207047002070470368DB6808
:10656000184700004068704708B504494068FAF7CA
:106570000DFF4FF06A51FAF709FF08BD0000A04077
:106580000120704770470000004870470000A0409D
:1065900008B50820FFF7CEFA18B1024B0360024B92
:1065A000436008BDCCAB00087B148E3F014B0360F9
:1065B000704700BFECAB0008036800211B68184758
:1065C00003790BB1002202711846704703685B68BB
:1065D0001847000003791BB901230371184670475F
:1065E000002070477047000010B50446FFF7A8FA76
:1065F000204610BD70470000012070470020704702
:10660000704700007047000008461A46002103F05A
:10661000E9BF0000014B0360704700BF2CAC0008CD
:1066200003685B6A1847000000207047002070472D
:10663000002070474FF0FF30704700008180B1FAB2
:1066400081F0400970470000808870477047000063
:10665000002070477047000070470000002070471E
:1066600000207047704700000020002170470000A4
:106670004FF4B4507047000000207047002070476E
:1066800000207047002070470020704770470000CE
:1066900070470000704700007047000000207047FE
:1066A0007047000000207047012070474FF0FF3016
:1066B0007047000000207047F8B506460C460025DC
:1066C0008F18BC4207D0336814F8011B9B68304612
:1066D00098470544F5E72846F8BD0000014B0360E4
:1066E000704700BF50AC00087047000010B504466A
:1066F000FFF726FA204610BD10B50446FDF798F8BE
:106700002046054B002240F8403B4FF4E13100F0B9
:10671000F3FC204610BD00BFF0AC00080878F0B5CF
:10672000202801D00020F0BD48784028FAD1084642
:106730006025023A01F11C07C4788678240204F42B
:106740007064344322F8024F8478C67802303444AF
:10675000B8422544F0D14FF6FF70CA8B2A448242DA
:10676000E0D1CA7812F0F00F03D14A7A12F0F002A9
:1067700002D001201870D6E71A700120D3E700007C
:1067800070B50446D0F880008AB0081AB0F5FA6FE8
:10679000C4F8801033D30023202A84F87C3034D10D
:1067A00094F87C309BB3581CC0B22344202884F852
:1067B0007C0083F85C2028D100230AAE04F15C053C
:1067C00006F81D3D0A4600902B4601212046FDF7A4
:1067D000FFF8334603AA29462046FFF79FFF50B132
:1067E0004FF0FF329DF80B30CDE900220E2103AAB5
:1067F0002046FDF745F8002384F87C3005E0202A88
:10680000CED094F87C30002BCAD10AB070BDB0F560
:10681000FA6FC8D2F9E7000013B504460DF107037B
:10682000403000F083FC28B19DF80720216D204600
:10683000FFF7A6FF02B010BDB2F5E13F38B5044640
:106840000D4608D1FFF700F92A4601462046BDE86B
:106850003840FFF795BF38BD7047000010B50446BB
:10686000FFF76EF9204610BD37B5044601B122B9D5
:10687000FF2384F83E3003B030BD40F68B230A443A
:106880009A4290F93E100DD9042909DD4FF0FF33EB
:1068900000F14002CDE90033C9B20023FCF7F0FF5C
:1068A0000023E6E7481CE6D06FF42F73D01840F2BF
:1068B0003E6398429FBF04EB41030131A3F840209F
:1068C00084F83E1094F93E101129D4DD4FF0FF35C5
:1068D0000023CDE9005504F14002C9B22046FCF77F
:1068E000CFFF84F83E50C6E77047000010B504465D
:1068F000FFF726F9204610BD70B5044616461D4622
:10690000FCF796FF054B84F83E6023600122294680
:1069100004F1400000F0F0FB204670BD40AD0008DF
:106920002DE9FF419846DDE90A760B780D460F2BDD
:10693000144646D14FF4C86340F26B31CDE90131C2
:106940004FF47A73691C009313461022FCF7B8FFCA
:10695000BDF83030112B27D940F2CE7340F2E63229
:10696000E97D11F0010F14BF194611462184E97D1C
:1069700011F0020F08BF1346638412230020A8F809
:106980000030A31E063433F8022FB2F55B7F38BF08
:106990000120A342F7D1EA7D012312F0080105D0BE
:1069A0003B703370184604E01023E7E720B13B70DA
:1069B000317004B0BDE8F08152073870F1D4307006
:1069C000F0E70020F5E7000030B50446C06F8FB057
:1069D000081AB0F5FA6FE16743D300230F2A84F851
:1069E000793044D194F87930002B42D0581CC0B291
:1069F0002344192884F8790083F8602037D104F102
:106A000060050A4600902B4602212046FCF7E0FF75
:106A10000023ADF816308DF814308DF815301023A2
:106A200002930DF11503019305AB009306AA0DF136
:106A3000160329462046FFF773FF70B1BDF8161004
:106A400004290AD94FF0FF329DF81430CDE9002215
:106A5000C9B206AA2046FCF713FF002384F8793058
:106A600005E00F2ABED094F87930002BBAD10FB0D0
:106A700030BDB0F5FA6FB9D2F9E7000013B590F860
:106A80003E3004461BB1C36DC2650A4619460DF17E
:106A9000070304F1400000F049FB28B19DF80720EE
:106AA000216D2046FFF790FF02B010BD38B5036C92
:106AB00004469A420D4608D1FEF7C6FF2A46014613
:106AC0002046BDE83840FFF77FBF38BD7047000063
:106AD00010B50446FFF734F8204610BDF8B590F81D
:106AE00093404FF4AF67033C640814700024069D84
:106AF0002C701578661CE4B2A54213D904F1340C4D
:106B000000EB440494F83F5094F840402D0205F403
:106B100070652C437C43240B04F5487420F81C401A
:106B20003446E6E78D42C8BF1170127800F1680163
:106B30005200184603F04AFD0020F8BD2DE9F84345
:106B40004FF4FA7C4FF45B7E40F2FC780646074631
:106B50000E3097F8404097F8415045EA04252DB291
:106B60001FFA85F9002D4FEAE9241FDB0C2C38D1E0
:106B7000C9F3422408EA890596F83F9019F0010FFD
:106B80000CBF0A340E34A5F580650CFB05F595FBAA
:106B9000FEF504F1340905F2DC5526F81950B6F873
:106BA0009050A5429CBF0134A6F890400237B842ED
:106BB000CFD196F890008842D4BF1070117012782F
:106BC00006F168015200184603F000FD96F83F30C8
:106BD000089A83F00203C3F3400313700020BDE85A
:106BE000F883A4B202DCC9F30A05CCE7132CDDD884
:106BF0000025C8E72DE9F04184B00E46436E02AF90
:106C0000F31AB3F5FA5F044611460CD3A22A16D044
:106C1000A52A17D0A12A18D141F6A133A4F89230A1
:106C2000012384F8943094F89450012D19D0022D4A
:106C300022D094F89530666684F894300DE042F2E4
:106C4000A233EBE741F2A523E8E7FF23A0F8923057
:106C5000002380F8943080F861300837BD46BDE8E5
:106C6000F08184F83E100020FCF7A0FA84F861500F
:106C7000A4F89600022348E094F8613094F8932039
:106C8000934208D30023FF2284F86130A4F89220B5
:106C900084F89430E1E7E0180133DBB2013A9A421C
:106CA00080F83E1084F8613005DDB4F89600FCF7FA
:106CB0007DFAA4F8960094F8612094F893309342FA
:106CC000D8D10093324604F13E0306212046FCF75A
:106CD0007FFE94F86120224492F83C1092F83D30F7
:106CE000B4F8962043EA01239A42A4F898300BD1D5
:106CF00094F89230E846A12B8AB002AD03D3A22BC0
:106D000006D9A52B17D0C546002384F8953090E707
:106D1000FB1D0093BA1D2B4612212046FFF7DEFE15
:106D20004FF0FF32FB79B9792046CDE900222A469F
:106D3000FCF7A6FDE7E7FB1D0093BA1D2B461221C9
:106D40002046FFF7FBFEEBE713B504460DF1070302
:106D50009C3000F0EBF930B19DF80720D4F8AC106E
:106D60002046FFF747FF02B010BD0000B2F5E13F3B
:106D700038B504460D4608D1FEF766FE2A460146A0
:106D80002046BDE83840FFF735BF38BD70470000EA
:106D900010B50446FEF7D4FE204610BD13B590F89A
:106DA0003E300446052B09D8DFE803F0030A0E192C
:106DB0002232552902D1012384F83E3002B010BDA1
:106DC00055293AD10223F7E7A1F10903392B34D829
:106DD000002380F8421080F83F300323ECE790F85E
:106DE0003F3080F84310013380F83F300423E3E75D
:106DF00090F83F30C21882F8431090F842200133D7
:106E0000DBB2013A934280F83F30D7D10523D3E774
:106E100090F83F3080F88410013380F83F30FEF75F
:106E200013FE94F83F3002460333DBB2009309218E
:106E300004F140032046FCF7CBFD0023BCE7000033
:106E400013B504460DF10703883000F06FF920B147
:106E50009DF807102046FFF7A1FF02B010BD00000B
:106E6000B2F5E13F01D1FFF799BF704770470000CD
:106E700010B50446FEF764FE204610BD70B50D4601
:106E8000114641F28832D0F8903092B0EB1A93421A
:106E900084BF002380F83E3090F83E300446072B34
:106EA00022D8DFE803F004233E5A7B8B8488A8298C
:106EB0001AD1012680F8401080F88C60002084F8F8
:106EC0003F00A4F88A0084F8890084F88D00FCF75C
:106ED0006DF994F88930A4F88A00583B84F8893019
:106EE00084F83E60C4F8905012B070BD012900F2E1
:106EF000D68080F8411009B980F88C1094F88C3055
:106F00004BB1B4F88A00FCF751F9A4F88A000223C7
:106F100084F83E30E8E794F88920114484F8891019
:106F2000F5E78B1E1E2B00F2BA8090F88C3080F8AB
:106F3000421063B1B0F88A00FCF738F9A4F88A006F
:106F400094F83F30013384F83F300323E0E790F8B2
:106F50008920114480F88910F2E790F83F3003440B
:106F600083F8431090F88C3093B1B0F88A00FCF7A6
:106F70001DF9A4F88A0094F83F3094F842200133B8
:106F8000DBB2B3EB420F84F83F30ADDD0423BFE743
:106F900090F88920114480F88910ECE790F88C3043
:106FA00080F885100BB10523B2E70623B0E780F81F
:106FB00086100723ACE780F88710F4E790F88C3050
:106FC000002B5AD090F88520B0F88A3080F88610CF
:106FD00001EB02218B4202D1012384F88D3094F819
:106FE0003F302A460093052104F143032046FCF775
:106FF000EFFC94F88D30002B51D094F8423094F887
:107000004620202B84BF202384F8423094F8473058
:1070100094F8421043EA0223DB1094F84820ADF8BC
:10702000083094F8493004F14C0043EA0223DB10A5
:1070300094F84420ADF80A3094F8453002AD43EAA4
:107040000223DB1094F84A20ADF80C3094F84B3052
:1070500043EA02230422DB10ADF80E30914200F126
:1070600002000FD910F8026C10F8013C43EA062325
:10707000DB1025F812300132F0E780F8881090F824
:107080008930A7E794F84130012B0AD14FF0FF3344
:10709000CDE90033002302AA2046FCF7F1FB0023D0
:1070A00036E7812BFBD14FF0FF33CDE900330123CD
:1070B000F1E7000013B504460DF10703943000F02A
:1070C00035F830B19DF80720D4F8A4102046FFF71A
:1070D000D5FE02B010BD0000B2F5E13F38B5044660
:1070E0000D4608D1FEF7B0FC2A4601462046BDE811
:1070F0003840FFF7C3BE38BD0B4B0160B3FBF1F165
:10710000012A0171427109D001D3022A05D140F64A
:107110000823C3804FF400730381704740F609438E
:10712000C3804FF44063F7E720A107002DE9F04149
:1071300005791E460368044668185843DFF8BCC04A
:10714000E768B0FBFCF0114439442761E160002896
:107150004AD0AF185F43B7FBFCF7002F44D0E37968
:1071600082B29342218B9CBF03F1FF3292B200297D
:1071700008BF002201259540BFB2013D8D40394432
:1071800060690A4492B2054393426561228330D814
:10719000E80729D42389AB4326D163794FEA550800
:1071A000012B07D15FFA88F0FAF714FBC5F34025ED
:1071B000A84219D186F800806369E279D3406361FF
:1071C000238B92B29B1A9BB29A4223833EBF002329
:1071D00027836361228B72B16369D9070BD5013AAA
:1071E0005B0822836361F5E7002060612083BDE8CE
:1071F000F0810020FBE70120F9E700BF40420F00CB
:10720000007B00F00100704770470000407B704732
:107210000161704708B50A4B1B68D86C0368DB6CCA
:10722000984772B6BFF34F8F0649074BCA6802F4FE
:10723000E0621343CB60BFF34F8F00BFFDE700BF99
:10724000EC06002000ED00E00400FA0510B504464D
:107250000121E03002F046FB04F1EC000121BDE821
:10726000104002F03FBB000070B5437D04460D4660
:107270004BB903681B6C984728B1B620FDF7A0F9FD
:10728000012363752375236829462046BDE87040B5
:107290009B68184708B5FDF703FA034B9B691B1A57
:1072A0005842584108BD00BF341300202DE9F8436F
:1072B0000D460446FEF7CCFB4FF0000906460F468C
:1072C0001FFA85F8FEF7C4FB801B61EB07014FF442
:1072D0007A720023FAF766FA494508BF404513D28F
:1072E00023684FF47A719B6820469847A388AB4285
:1072F000E8D8236820461B6C98470028E2D0236812
:107300002046DB6C9847DDE7BDE8F88308B520220E
:1073100082F311888368002B01DC02F009FB02F084
:10732000D5FA002383F3118808BD0000F7B50446A1
:107330006D4600F1E006304685E8060002F0EEFA00
:10734000DDE90010224694F87C3004EBC30C624562
:107350000DD0D76B8F4208D1176C874205D13046CC
:1073600003B0BDE8F040FFF7D1BF0832EFE7072BCD
:107370000AD895E8030004EBC3023C32013382E8EB
:10738000030084F87C30EAE7034B04491B68186C5F
:1073900003681B689847E2E7EC060020F0AD0008A0
:1073A00008B5437B13B10348FEF748FB0123437341
:1073B00008BD00BF08AE000802F006BB084602F098
:1073C0000DBB000038B579B14FF47A700025074C39
:1073D0000023E1FB0045064A20462946FAF7E2F978
:1073E000BDE8384002F0BCBB38BD00BF3F420F00D3
:1073F00040420F0010B5036804461B6C984740B12B
:10740000637D33B10023B4206375BDE81040FDF700
:10741000D7B810BD10B5437B04465BB1806940B15D
:10742000FEF714FBA369C01AE36998428CBF0020E1
:10743000012010BD0120FCE7F7B504466D4600F1C0
:10744000EC06304685E8060002F068FADDE9001037
:10745000224694F8C03004EBC30C62450FD0D2F83A
:1074600080708F4209D1D2F88470874205D13046AE
:1074700003B0BDE8F040FFF749BF0832EDE7072B46
:107480000BD895E8030003F1100204EBC2020133AC
:1074900082E8030084F8C030E9E7044B04491B6824
:1074A000186C03681B689847E1E700BFEC060020F2
:1074B000D8AD000838B504464025094B40F8243BB8
:1074C00000F0F8F82A46002104F13C0003F08AF8A5
:1074D0002A46002104F1800003F084F8204638BDDC
:1074E00050AE000838B5002310460A4A12F813506F
:1074F0005C008D4208D1224453780221FF221844B7
:10750000FBF724FEC0B238BD01330D2BEED13A207B
:10751000F9E700BFA4AE0008F0B585B0074602AD9C
:10752000082085E806001E4602F044FC0446D8B157
:1075300095E803009DF9302084E803009DF82C10A5
:107540003846FFF7CFFF0A9B024603F1C30525F03B
:1075500007000094064B314602F050FC054628B95E
:10756000204602F037FC284605B0F0BD0120FBE7BD
:107570001176000810B5044602F018FDFEF766FA11
:10758000C4F8C40010BD000037B5036804461B6C86
:107590000D469847A0B12046FFF7ECFF40F2D322FA
:1075A00004F1240101A8FEF783FB5DB9236A0BB146
:1075B000013B2362236A03B9A36101A8FEF794FB90
:1075C00003B030BDFEF742FAA3693BB1E269C31ACA
:1075D0009A4203D9D31A9D4238BF1D46236AC4E993
:1075E000060501332362236820469B699847E4E738
:1075F00038B5036804461B6C0D46984728B12946E8
:107600002046BDE83840FFF7BFBF38BD09C818475E
:1076100010B50446FFF7FAFF2046BDE8104002F01F
:10762000D9BB00007047000008B5043002F016F81E
:10763000012008BD043002F007B8000010B5044670
:10764000FEF77EFA204610BD2DE9F04707460D46AD
:1076500021B9043001F0D6FF012626E003685B68FB
:1076600098470028F8D1FEF7F3F94FF47A74804672
:107670006C43894600250E4BD3F800A0DAF8500081
:10768000C82103689B6898473B6838465B68984701
:1076900006460028E0D1FEF7DBF9B0EB080261EB0B
:1076A0000903AB4208BFA242E8D33046BDE8F087E9
:1076B000EC06002010B50446034B40F8043B01F0F3
:1076C0005DFF204610BD00BFC8AE00080020704717
:1076D000014B0120197070470C0F0020704700000B
:1076E000034B1B68D86C0368D3F8BC30184700BF45
:1076F000EC06002000207047002070477047000013
:1077000002F06CBB11B1084602F064BB7047000088
:1077100038B501F120000D4602F04CFB044620B1C3
:107720002A4600F1200101F0AFFD204638BD0000DF
:1077300008B5137808460C2BA8BF0C230349137017
:107740001A4602F043FF012008BD00BFE8F7FF1F03
:10775000024B1B68D86CFDF7BBBE00BFEC060020D7
:107760002DE9F041214C0D46A66B1746A046002E90
:107770003AD021F000404FF05051F9F7A5FF30B951
:1077800027F000404FF05051F9F79EFF30B198F8C4
:1077900000103046BDE8F04101F032BB6068F9F7F7
:1077A0009DFD2946F9F7A6FE02F0DEFEF9F7DAFFA5
:1077B0000146304601F008FB6068F9F78FFD394655
:1077C000F9F7E4FD2946F9F795FE02F0CDFE4FF0FA
:1077D0007C51F9F7DBFDF9F7C5FF21780246A06B74
:1077E000BDE8F04101F0FCBABDE8F081100F0020C7
:1077F0001046194602F090BB02F0A0BB2DE9F04FF5
:10780000214B9DB01A780C460F925A78064610927A
:107810009A781E491192DA78002512925A791F79C6
:1078200013929A791492DA79159293F808B093F832
:1078300009A093F80A9093F80B8016AB172218460C
:1078400002F0D8FE139ACDE909890792149A089795
:107850000692159A0E4B05920F9A21460492109AA1
:107860008DF86F500392119ACDE90BAB0292129AE8
:10787000CDE9000232223046FEF7B6FA012084F844
:1078800031501DB0BDE8F08FE8F7FF1F38AF00089A
:107890003EAF000802F0AABB2DE9F04F1B4C87B0A9
:1078A00020460E4602F064FB194B22461B1B009338
:1078B000184903463046FEF709F901F001FF044676
:1078C000DFF85480DFF854B0DFF85490D4B1E569A4
:1078D000636B4545284614BF671BABEB0807D4F81C
:1078E00018A0059302F044FB059BCDE90107524621
:1078F000494630460095FEF7E9F8204601F0F0FED3
:107900000446E3E707B0BDE8F08F00BF00000020A9
:1079100000020020E0AE0008000200205004002019
:1079200013AF00082DE9F04188B00D4604A805A961
:1079300002F070FA0024804614492846FEF7C6F883
:107940002646134FE0B280451CD9CDE9066610B13A
:10795000049800EB441007AA06A901F05BFD0C2275
:107960006243059901348818D0E9013002900798E4
:107970009B0A0190069800908A5828463946FEF7DF
:10798000A5F8DFE708B0BDE8F08100BF74AF0008DC
:107990007FAF000808460AB902F010BA012A01D1E7
:1079A00002F010BA012002F011BA000070B50C46C6
:1079B00015462AB9084602F00DFA2E46304670BD2B
:1079C000104619B9BDE8704002F0F4B902F0F2F9BE
:1079D00006460028F2D054F8042C2146AA4228BFBB
:1079E0002A4602F0F3FD204602F0F4F9E6E7000033
:1079F00070B5049E15460C4629B136B9F2B1104651
:107A000001F0C4FC3446204670BD082231462046B1
:107A10001DB9BDE8704001F049BC01F047FC0446C7
:107A20000028F0D055F8042C2946B24228BF32462F
:107A300002F0CCFD284601F0A9FCE4E71446E2E799
:107A4000FEF79EB9704700000020704770470000A5
:107A5000704700000C4BF0B500221C251E4605FBAC
:107A600002F4E75C874209D121B12344997809B136
:107A7000587810B11C2000FB0260F0BD01320A2AC8
:107A8000EDD10020F9E700BF4C0F00207047000047
:107A900008B508460121FFF7DDFF40B1436823F038
:107AA0000F02906803F00F03D84000F0010008BDFA
:107AB00008B508460121FFF7CDFF48B10123426810
:107AC00022F00F01C86802F00F0293404340CB60E0
:107AD00008BD000000797047436823F00F029068EA
:107AE00003F00F03D84000F001007047CB4310B5FE
:107AF000426803F0010302F00F0000F1100401F0EE
:107B00000101A3408140194322F00F02116110BD11
:107B10000123426822F00F01C86802F00F0293406F
:107B20004340CB607047000000B100477047000041
:107B300008B508460121FFF78DFF003018BF01206E
:107B400008BD000070B500231C25094805FB03F49F
:107B5000265C8E4206D12044807810B10138107026
:107B6000012070BD01330A2BF0D10020F9E700BFDE
:107B70004C0F002038B5084601211546FFF76AFF73
:107B80000446B8B13DB9037C1BB1437C033B012BD8
:107B900010D9022200E0062201216068627400F020
:107BA0000F03994020F00F0000F03CFBB5FA85F27E
:107BB0005209227438BD000038B508460121154627
:107BC000FFF748FF034698B1012144681A7C24F06E
:107BD0000F0004F00F04A14042B1012D14BF042294
:107BE00003225A74BDE8384000F01CBB0DB9416156
:107BF00038BD0161FCE700000A460121406800F041
:107C00000F03994020F00F0000F00CBB10B5C8B274
:107C10000121FFF71FFF044638B10820FDF78AFF56
:107C200018B16368014AC0E9002310BD50B00008D4
:107C300008B5202383F3118808B143691BB90023D9
:107C400083F3118808BD0021143001F0A3FFF6E78B
:107C500070B50446FDF7F8FE034694B1E56885B1BA
:107C6000228B8AB1012A0DD1202383F31188606809
:107C700000F00F0120F00F0000F03AFB002383F327
:107C8000118870BD013A22836168A06821F00F025B
:107C9000926801F00F01CA40AC46217802F001025F
:107CA000BDE8704060470000014B0360704700BFB3
:107CB00068B000082DE9F8439DF820400F46022CDB
:107CC00091461D4605D0032C04D0012C1DD1022461
:107CD00000E00124114B07F00F0653F83630BBB11A
:107CE000D5B92C4627F00F083146404600F000FB7E
:107CF0002A464946384601F02FF84046224631468A
:107D000000F0C2FA0120BDE8F8832BB91C46E1E778
:107D1000002D08BF0024E5E70020F4E7A4100020B0
:107D20002DE9F34107460846012190461C46FFF71E
:107D300091FE054638B1202383F3118846692EB1A0
:107D4000002080F3118802B0BDE8F081CDF80080FA
:107D500003464168134A3846FFF7ACFF0028F0D0CD
:107D60004FF47A7C002110480023ECFB04010F4AF9
:107D7000F9F718FD1E223146FBF7E0F9014605F13F
:107D8000140001F0F9FECDF8008004463346324677
:107D900069683846FFF78EFF86F31188B4FA84F0DD
:107DA0004009D0E7317C00083F420F0040420F00FD
:107DB00013B5202484F311889DF810400094FFF738
:107DC00079FF002383F3118802B010BD13B5054C71
:107DD00000931346002A14BF22460022FFF7E8FF53
:107DE00002B010BD297B000870B50446084600218A
:107DF00015461E46FFF72EFE38B133462A46416827
:107E00002046BDE87040FFF7E1BF70BD7FB5064674
:107E100002AD0846002185E80C00FFF71BFE044672
:107E200018B90023184604B070BD039B4168002BAD
:107E30009DF82030084A009308BF002203463046D0
:107E4000FFF7B6FF03460028EBD095E8030008349F
:107E500084E80300E6E700BF517C000870B51A26ED
:107E600001254C4C1C220021204602F0BBFB4A4B52
:107E70003246002104F11E006360657002F0B2FB1F
:107E8000464B3246002104F13A002362257765779C
:107E900002F0A8FB652384F83830414B32460021BC
:107EA00004F15600E36384F8395084F83A5002F044
:107EB00099FB662384F85430022384F85630394BFA
:107EC0003246002104F17200A36584F8555002F097
:107ED00089FB672384F87030032384F87230324BB7
:107EE0003246002104F18E00636784F8715002F07D
:107EF00079FB682384F88C30042384F88E302B4B74
:107F00003246002104F1AA00C4F8903084F88D5064
:107F100002F068FB692384F8A830052384F8AA30AE
:107F2000234B3246002104F1C600C4F8AC3084F87B
:107F3000A95002F057FB6A2384F8C430062384F862
:107F4000C6301C4B3246002104F1E200C4F8C830B0
:107F500084F8C55002F046FB6B2384F8E030072319
:107F600084F8E230144B3246002104F1FE00C4F8DC
:107F7000E43084F8E15002F035FB6C2384F8FC30E7
:107F8000082384F8FE300D4B84F8FD50C4F800310E
:107F900070BD00BF4C0F00200E0C0140040C0140CE
:107FA0000008014001080140080C0140090C014093
:107FB0000608014007080140000C0140010C014087
:107FC0008160828070470000826838B504465AB1EB
:107FD000037B13F0010507D143F0010303739047BE
:107FE000237B65F30003237338BD00007FB505468E
:107FF00010220021684602F0F5FA00242B68A1B295
:10800000DE686A46102328461034B047B4F5804F26
:10801000F4D1012004B070BD00230122094910B53C
:10802000C1E90033084C04EB021050F80C0C03605B
:1080300041F832300132082AF5D14FF0FF32034BBC
:108040005A6010BD64100020A8B000080000024073
:1080500006282DE9F04137D801271C4C87402668B7
:108060003E4231D14FEA0018013044F8302004EB91
:10807000C00043603E43164B26605869DFF854C089
:1080800040F0010058610CEB08055B6966464AB197
:108090006268AB681A4202D1E87B00F0F1FD6368C8
:1080A0001F43676006EB08014B68497B1A6856F866
:1080B000080022F00F021A600E228A40426000225D
:1080C0001A602846BDE8F0810025FAE76410002018
:1080D00000100240A8B0000810B40468437B216877
:1080E0004268D940126801F00E010A420ED0827B2C
:1080F00001FA03F36360064B013253F832402CB1AE
:1081000003EBC2035868234610BC184710BC7047E5
:108110006410002008B50348FFF7DEFFBDE8084003
:1081200001F0A8BFA8B0000808B50348FFF7D4FFC6
:10813000BDE8084001F09EBFB8B0000808B503488C
:10814000FFF7CAFFBDE8084001F094BFC8B00008BF
:1081500008B50348FFF7C0FFBDE8084001F08ABF3B
:10816000D8B0000808B50348FFF7B6FFBDE80840DF
:1081700001F080BFE8B0000808B50348FFF7ACFF86
:10818000BDE8084001F076BFF8B0000808B5034824
:10819000FFF7A2FFBDE8084001F06CBF08B100087E
:1081A00000231A4610B51C495A50CC180833802BAE
:1081B0006260F9D1194B9A6942F07D029A619B691C
:1081C0000268174BDA6082685A6042681A60C268B7
:1081D00003F58063DA6042695A6002691A60826955
:1081E000C3F80C24026AC3F80424C269C3F800244B
:1081F000426AC3F80C28C26AC3F80428826AC3F82A
:108200000028026BC3F80C2C826BC3F8042C426B61
:10821000C3F8002C10BD00BFA410002000100240C5
:1082200000080140032AF0B528D10161154B9F5C7D
:10823000002308221D461C461E4611F0800F4FEAFF
:1082400004144FEA03134FEA06164FEA05150CBF54
:1082500044F00F043B4311F4004F0CBF46F00F06EF
:108260003D43013A4FEA4101E7D1426832402A4397
:1082700042600268224013430360F0BD042A08BF35
:108280004161D3E718B1000870B501240F268C4076
:1082900001F0030321F0030101F1804100F14040AE
:1082A00001F58031A0F584308D689B00C0F38320F8
:1082B000984006FA03F325EA030528438860E14362
:1082C0000A4B12F0010F986814BF204308409860D1
:1082D00012F0020FDA6814BF22430A40DA601A680B
:1082E00014431C605A680A405A6070BD0004014083
:1082F0000120114B70B59C68DE68884044EA060294
:10830000024217D08D080D4A023552F82520C2438B
:108310001D68144015401D605D68154032405D6069
:108320009C60DA6000225861054B43F8312003EB72
:10833000C1035A6070BD00BF00040140000001404D
:10834000A410002010B5034C204600F0D5FC024BD1
:10835000E36010BD24110020002C014038B50378E3
:108360000446012B40D12B4B984218D12A4B0721B0
:108370009A69192042F400629A619A69DA6842F4B3
:108380000062DA60DA6822F40062DA60DB6800F02A
:1083900077FC07211B2000F073FC204BA360002218
:1083A000E3681A6162689169506821F0FF01D96041
:1083B000A168B1FBF0F101399962D16909B94FF0B7
:1083C000FF31157DD962107803F1340103F13802D1
:1083D0009DB940F201259D6154259D6058B9312019
:1083E0001862C4E9042138BD0022C3681A605A63C8
:1083F0009A635A62D3E71320F2E74FF481759D61C7
:1084000064259D6020B913201862C4E90412EAE7CC
:108410003120F9E7241100200010024000366E01DF
:10842000C3685A6942F001025A6100221A610522AA
:108430001A6070470022C3681A60DA6822F0FF02EF
:10844000DA607047F8B5C36804461A69DD681540FC
:10845000EAB2D2431A61436805F002071A7D05F0BB
:108460000406D2B92EB10278042A20D19B680BB33E
:1084700098474FB12378042B04D16368DB680BB1B4
:108480002046984704232370EB0705D563682046F0
:108490001B69984703232370F8BD2FB10278042A83
:1084A0000BD19B6863B19847002EEDD0E2E7002F17
:1084B000E8D1E9E7002FE0D1E6E7002EE2D1E3E7DB
:1084C000002EDAD1E0E7000008B50348FFF7BAFF55
:1084D000BDE8084001F0CEBD24110020FFF7F4BF35
:1084E00038B50C4C0425204600F044FC4FF0804386
:1084F0002574A361084C204600F03CFC074B257412
:10850000A361074C204600F035FC064B2574A3619F
:1085100038BD00BF3C11002058110020000400406D
:108520007411002000080040037810B5012B826907
:108530004ED1434B984229D1424BD96941F00101B8
:10854000D961D969196941F001011961196921F0ED
:10855000010119611B693C4B436146F66803936155
:10856000D361416843690C68B3FBF4F3013B936248
:108570008368013BD362CB6A5360CB6803F00F037F
:10858000012B2DD0022B2CD000232CE02F4B984216
:108590000DD12C4BD96941F00201D961D969196912
:1085A00041F002011961196921F00201D1E7284B5C
:1085B0009842D2D1234BD96941F00401D961D969DC
:1085C000196941F004011961196921F00401C0E73A
:1085D0000023136053639363D36313645362C0E750
:1085E000002343F00103486900F00F00012803D085
:1085F000022803D143F0200343F01003C86900F0C0
:108600000F00012803D0022803D143F4007343F480
:108610008073486A00F00F00012803D0022803D1BC
:1086200043F4005343F48053136201235361002346
:1086300013610B6B23F0FF03D3608523136010BD20
:108640003C1100200010024000366E01581100203D
:10865000741100200378022B0DD1002283691A6067
:10866000DA601A610C4B984206D10C4BDA6922F0A1
:108670000102DA61DB697047094B984204D1074B6C
:10868000DA6922F00202F4E7064B9842F3D1034B79
:10869000DA6922F00402ECE73C11002000100240ED
:1086A000581100207411002083690C3103EB810301
:1086B0005A6070478369002001F10C0203EB8202CB
:1086C00050600220DA6800FA01F122EA0101D96063
:1086D00070470000024AD36843F0C003D36070477C
:1086E00000380140024AD36843F0C003D3607047AA
:1086F000004800402DE9F041D0F894600546F76845
:108700003368DA059CB20DD5202383F311884FF42A
:108710000071043000F0E0FE6FF4807333600023DA
:1087200083F31188202383F3118805F1040814F0E2
:108730002F033AD183F31188380615D5210613D5B6
:10874000202383F3118805F1300000F093FC00280A
:108750004DDA0821281D00F0BFFE4FF67F733B4025
:10876000F360002383F311887A0616D5630614D5C7
:10877000202383F31188D5E911239A420AD1AB6BE8
:1087800043B127F040073F041021281D3F0C00F0A3
:10879000A3FEF760002383F31188D5F89C20D368EB
:1087A0003BB3BDE8F04110691847230713D014F01C
:1087B000080F0CBF00218021E00748BF41F02001D5
:1087C000A20748BF41F04001630748BF41F48071F0
:1087D000404600F081FEA406736805D595F8981010
:1087E0002846194000F004FD3468A4B29FE7706089
:1087F000B7E7BDE8F081000008B50348FFF77AFF4E
:10880000BDE8084001F036BC9011002008B50348CF
:10881000FFF770FFBDE8084001F02CBC30120020CB
:1088200010B5094C094A2046002100F09BFC084B7A
:10883000084AC4F89430084C0021204600F092FC0D
:10884000064BC4F8943010BD90110020D586000866
:1088500000380140E5860008301200200048004042
:1088600038B5294D037A002918BF0D46012B04465F
:10887000C0F89C500CD1254B984238D10C212520B2
:10888000234B9A6942F480429A619B6900F0F8F99F
:108890002968D4F894204B0803F1B77303F55853B3
:1088A000B3FBF1F3A988080442BF23F0070003F0EB
:1088B000070343EA40039360EB8843F040031361EE
:1088C0002B8943F00103536141F4045343F02C031B
:1088D000D360002301F4A0511360B1F5806F1368D9
:1088E00053680CBF7F23FF2384F8983038BD094BB1
:1088F0009842CDD1064B0C21DA69272042F4802220
:10890000DA61DB69C2E700BF2CB1000890110020DA
:108910000010024030120020037A022B1CD10022EA
:10892000D0F89430DA601A615A610C4B984208D141
:1089300025200B4B9A6922F480429A619B6900F0D2
:10894000B5B9084B984207D1054B2720DA6922F4C4
:108950008022DA61DB69F2E7704700BF90110020E6
:108960000010024030120020436800F11C01DB6857
:10897000002B436908BF20225B6818BF2222D96000
:1089800001215960C1680A431A601A6842F0010265
:108990001A607047436910B559680A6822F00F02DF
:1089A0000A605A7B19680E2303FA02F24A60826950
:1089B0005468216821F00F0121601168527B9340B7
:1089C00000224B608368DA601A615A6110BD0000B2
:1089D000836910B5596804460A6822F00F020A60DC
:1089E000597B1A680E238B405360022343704368FF
:1089F0001B6803B198476378022B04BF00236370A0
:108A000010BD0000837870B5416804462BB9CB686F
:108A1000EBB1BDE87040818B184743695D682A68F7
:108A200022F00F022A605D7B1A680E23AB40536070
:108A3000022383708B6803B19847A378022B06D179
:108A400000232046A370BDE87040FFF78DBF70BDC6
:108A50002548F8B5426805465369002B3FD1846824
:108A6000E7682668636840F20F131E421CD06FF45B
:108A7000807312692360BAB1B3B213F0080F0CBF50
:108A800000211021D80748BF41F00401980748BFD2
:108A900041F00801580748BF41F02001DB0548BFFD
:108AA00041F04001104890476B685B680BB10E487D
:108AB000984770060BD5790609D56FF040032360FF
:108AC0003B40E3606B685B680BB107489847FA0668
:108AD00006D5F30604D56B689B690BB1024898472D
:108AE000BDE8F84001F0C6BAD012002010B5064C1F
:108AF000204600F097FB0823044A2361C4E90223BF
:108B00000023C4E9053310BDD0120020004400400A
:108B100038B503780446012B33D1324B984217D134
:108B20000346314A0C210520FFF792FA2346606183
:108B30002E4A0C210620FFF78BFA2D4BA061DA6933
:108B40000C2142F40032DA612620DB6900F098F84B
:108B500063681B8C03F4A053B3F5805F07D1E3680F
:108B600043F4A063E360236943F4A0632361636972
:108B70005A68A36804339360A26952689360002323
:108B8000A38300232046A3706370A568FFF702FF4C
:108B90006168CA69530803F1B77303F55853B3FB0F
:108BA000F2F30A8C100442BF23F0070003F007031E
:108BB00043EA4003AB602B686B6800232B604B8C4F
:108BC00042F4045243F040032B618B8C42F00C02C0
:108BD00043F0C1036B612046EA60BDE83840FFF70F
:108BE000C3BE00BFD0120020058A0008D18900084A
:108BF0000010024070B5446963681D6825F00F05D8
:108C00001D60667B25680E24B4406C60DA60C26823
:108C1000596042F082021A601A6842F001021A603A
:108C200070BD000010B5134C204600F059F842F218
:108C30008A5200202262104A104B9169C4E9063022
:108C400041F4007191619169012158609960092195
:108C5000996099680907FCD405219960996811F019
:108C60000401FBD19960936923F4007393619369C4
:108C700010BD00BFF012002000100240002401408F
:108C800000F16043090103F56143C9B283F80013A1
:108C9000012300F01F024009800000F16040934072
:108CA00000F56140C0F8803103607047012100F099
:108CB0001F0399404209044B203243F8221000223E
:108CC000034483F80023704700E100E0090100F14C
:108CD0006040C9B200F56D4001767047FFF7A2BF52
:108CE000012303700023C0E90133C0E9033343616A
:108CF00070470000FFF726BB012303700023436089
:108D00007047000010B52023044683F311884160AA
:108D1000FFF724FB02232370002383F3118810BD87
:108D200010B52023044683F31188FFF779FB032352
:108D30002370002383F3118810BD000010B5202399
:108D4000044683F31188FFF775FB02232370002389
:108D500083F3118810BD0000044B00F00F0043F8AE
:108D6000301003EBC0035A60704700BFA41000200E
:108D7000FFF7B6BB0123037000234360C360037495
:108D80007047000010B52023044683F311884B6818
:108D900041608360FFF7C8FB00230222E36022707A
:108DA00083F3118810BD000010B52023044683F31F
:108DB0001188FFF74FFC00230122E36063602270FB
:108DC00083F3118810BD0000202383F31188836989
:108DD00081600139D962002383F311887047000054
:108DE00038B5202383F31188012303FA01F4C36803
:108DF0002343C360FFF758FC002383F3118838BD79
:108E000010B5202383F31188012303FA01F2C3680C
:108E100023EA0203C360FFF74DFC002383F31188AC
:108E200010BD0000F8B5154682680B46AA4281695C
:108E3000066938BF8568761AB542044607D21846D7
:108E40002A4601F0C3FBA3692B44A3610DE011D9AD
:108E50003246184601F0BAFBAF1B3A46E16830448F
:108E600001F0B4FBE2683A44A261A36828465B1BA8
:108E7000A360F8BD18462A4601F0A8FBE368E4E7C2
:108E80002DE9F041154683680446934238BF856852
:108E9000D0E90460361AB5420F4606D22A4601F0E0
:108EA00095FB63692B4463610DE012D93246A5EB53
:108EB000060801F08BFB4246B919E06801F086FB19
:108EC000E26842446261A36828465B1BA360BDE878
:108ED000F0812A4601F07AFBE368E4E710B500244C
:108EE000C361029B0A44C0E900008460C160C0E91C
:108EF00005110261036210BDC2686FF00101C0E993
:108F000005220022826000F06BBE000008B5D0E9A7
:108F10000532934201D1826892B98268013282603F
:108F20005A1C42611970D0E904329A4228BFC368C2
:108F30004FF0000128BF436100F046FE002008BD4D
:108F40004FF0FF30FBE7000070B5202304460E46CB
:108F500083F31188A568A5B1A368A269013BA3604A
:108F6000531CA36115782269934224BFE368A3616F
:108F7000E3690BB120469847002383F31188284604
:108F800007E03146204600F00FFE0028E2DA85F3C4
:108F9000118870BD2DE9F74F05460F4690469A4659
:108FA000D0F81C90202686F311884FF0000B144651
:108FB00064B1224639462846FFF734FF034668B9B4
:108FC0005146284600F0F0FD0028F1D0002383F33D
:108FD0001188A8EB040003B0BDE8F08FB9F1000FD1
:108FE00003D001902846C847019B8BF31188E41AEF
:108FF0001F4486F31188DBE7C361009BC160C0E9B1
:1090000005111144C0E900008260016103627047EC
:10901000C1680269C0E90511521A82606FF001014E
:1090200000F0DEBDF8B504460E461746202383F354
:109030001188A568A5B1A368013BA36063695A1CA8
:1090400062611E70D4E904329A4224BFE36863610E
:10905000E3690BB120469847002080F3118807E0B0
:109060003946204600F0A0FD0028E2DA85F3118899
:10907000F8BD0000D0E905239A4210B501D18268FD
:109080007AB982680021013282605A1C82611C78A0
:1090900003699A4224BFC368836100F095FD2046AE
:1090A00010BD4FF0FF30FBE72DE9F74F05460F46A7
:1090B00090469A46D0F81C90202686F311884FF0EF
:1090C000000B144664B1224639462846FFF7D8FE05
:1090D000034668B95146284600F066FD0028F1D0E5
:1090E000002383F31188A8EB040003B0BDE8F08FE0
:1090F000B9F1000F03D001902846C847019B8BF3BC
:109100001188E41A1F4486F31188DBE70C30FFF75F
:1091100041BF00004FF0FF330C30FFF73BBF0000B2
:109120003030FFF7C1BF00004FF0FF333030FFF7A2
:10913000BBBF00000C30FFF707BF00004FF0FF314E
:109140000C30FFF701BF00003030FFF76BBF0000AD
:109150004FF0FF323030FFF765BF0000002070474E
:10916000FFF75EBB034637B515460D4A044643F884
:10917000042B436001232022037200900B4600F170
:1091800054010C30FFF7AAFE00942B46202204F174
:10919000740104F13000FFF72FFF03B030BD00BFB2
:1091A00040B1000810B52023044683F31188FFF76F
:1091B00057FB02232372002383F3118810BD0000A4
:1091C00010B52023044683F31188FFF7A5FB012384
:1091D00004F130002372FFF71BFF04F10C00FFF7CE
:1091E0008BFE00F073FB002383F3118810BD000099
:1091F00038B5436904460D461BB90421084400F004
:109200006BF9294604F10C00FFF780FE002806DA0E
:10921000201D4FF48061BDE8384000F05DB938BDD5
:10922000FFF764BC01230370002343708370436025
:109230007047000010B52023044683F31188416075
:10924000FFF766FC02232370002383F3118810BD0F
:1092500010B52023044683F31188FFF7CBFC0123CC
:10926000A370002383F3118810BD00000448054B50
:1092700003600023C0E901330C3000F07FB900BF68
:109280001413002035A1000810B40024CB1D23F0D6
:109290000703083A591A521AD208C0E900438460F9
:1092A0001C605A600C3010BC00F068B92DE9F84F12
:1092B000354FCD1D002818BF0746082A38BF0822A1
:1092C000914607F10C0840460E46ED0800F09AF969
:1092D00009F1FF3A07F1040CC9F1000BDCF800308A
:1092E0006BB9404600F0BAF93C68A4B3082249467D
:1092F000E800A047044670B340E902762BE003F192
:109300000801D3F804E001EB0A0202EA0B020EF1B5
:109310000104A2F1080003EBC404844232D9A21A6A
:10932000D210AA422ED3834218D2411AC910AA429F
:10933000596009D96C1CED4300EBC4012A444A6012
:109340001A6840F8342019600446466044F8087BE7
:10935000404600F083F92046BDE8F88FAE45196815
:1093600003D1CCF800101846EEE7013503EBC50237
:1093700043F8351002F10801641AE4105460CCF887
:109380000020F0E79C46A9E714130020F8B550F838
:10939000043C50F8086C0733DB08371D0C3640F8E6
:1093A000043C0446A0F10805304600F02BF93B468A
:1093B000BB421A6801D09D4229D90AB1954226D2F2
:1093C00044F8082C54F8042C1D60013254F8080CA1
:1093D00005EBC201814207D14968114455F832209A
:1093E00044F8041C44F8082C5868411C03EBC101E4
:1093F0008D4207D154F8042C013202445A6054F8CB
:10940000082C1A603046BDE8F84000F027B9134632
:10941000CEE700002DE9F041134C8846002818BF24
:10942000044604F10C063046174600F0EBF8002322
:10943000201D1D461C46006870B9B8F1000F02D00F
:10944000E400C8F800400FB1DB003B60304600F09C
:1094500005F92846BDE8F08142680135934214447D
:1094600038BF1346E7E700BF1413002010B52024CF
:1094700084F3118804680C60016005488069C1E9C3
:1094800001020022C1E9032382F3118810BD00BF4D
:1094900034130020202383F311880023C268C360A3
:1094A00083F311880069104070470000C36A1943B4
:1094B00090F82030C1620A2B03D1436A194205D1CA
:1094C00070470B2B06D1436A8B4303D100234362C1
:1094D00000F028B97047000070B506460D460468D4
:1094E000B44200D170BDE3682B43E36015B123693A
:1094F0001D4203D0D4E90101FFF7D8FF2468EFE74C
:1095000008B5202383F31188FFF7D0FF00F0DEF9C0
:10951000002383F3118808BD0F4A70B5956906468C
:10952000202282F31188EC6A04400CD119B984F32B
:109530001188204670BD68620A2000F059F90028A1
:10954000F5DBEC6A3440EB6A23EA0403EB620023A8
:1095500083F31188EDE700BF341300200B4610B5EC
:109560001B68994203D09C6882689442F8D25A687A
:10957000036042601060586010BD00000023C0E925
:10958000000083600361704770B51D4B8468054619
:109590009E696CB3B44214D103690133036170BD99
:1095A000A36094F820308BB1062B17D1D4E90023A7
:1095B0001A602268616A53602046FFF7CFFF636A32
:1095C0009C68B368A2689A42EAD307E0D4E9002312
:1095D0001A6022682046536000F0A4F830462946FD
:1095E000FFF7BCFF75620620BDE8704000F0E2B8EE
:1095F0000369866001330361336BC3603063CEE778
:109600003413002008B5202383F31188FFF7BCFF33
:10961000002383F3118808BD0A4B82689B6932B12D
:109620009A420CD10369013303610120704702693A
:109630008360013202611A6BC2601863F5E7002093
:10964000704700BF3413002008B5202383F311882E
:10965000FFF7E2FF002383F3118808BD174A034692
:1096600010B59069202282F31188196901391961B6
:10967000A9B91C68DA689C4202631DD0416B92B99B
:109680000122816018681A6102681A605360026BD7
:109690009860DA60036300F045F800F017F90023E2
:1096A00083F3118810BD1468A24203D0A468A142BC
:1096B00038BF2146D268E2E7A160F0E7341300200A
:1096C000202383F31188054B186990F82230013369
:1096D00080F82230002383F3118870473413002070
:1096E00010B5202383F3118800220469074B9C42A4
:1096F00017BF94F822301446013384F8223082F3E5
:10970000118800F0CBF9204610BD00BF34130020B3
:109710000022034BC3E900339A60C3E90433704766
:10972000341300200023826880F82030054B1B682A
:1097300099689142FBD25A68036042601060586099
:10974000704700BF3413002008B5202383F311882D
:1097500090F820200023052A06D8DFE802F00B0548
:109760000503120E426A13604FF0FF334362FFF7A6
:10977000D9FF002383F3118808BD426A936801333F
:109780009360D0E900231A6002685360ECE70000A0
:109790000023826880F82030054B1B68996891424D
:1097A000FBD85A680360426010605860704700BF81
:1097B0003413002038B50D4CA569226885F82000C7
:1097C00011684C6021600121A26182F82010EFF342
:1097D0000982E969243A914202D9284600F0C6FB81
:1097E0002946A069BDE83840F8F7E0B934130020F5
:1097F00030B54B1C87B005460A4C10D0A3690A4A05
:1098000001A800F053FA2846FFF7D4FF049B13B1D8
:1098100001A800F067FAA369586A07B030BDFFF7E6
:10982000C9FFF8E7341300204997000870B5114EBE
:109830004162B36981689A680446914203D8BDE8E1
:109840007040FFF76FBF1846FFF7A2FF01230546E0
:10985000B46184F82030EFF30983C269243B9A4253
:1098600001D900F083FB29462046BDE87040F8F797
:109870009DB900BF34130020044B1A689B6990689F
:109880009B68984294BF0020012070473413002049
:1098900038B50D4C2368A0691A6854602260012213
:1098A00083F82020A361FFF773FF0546EFF30983D8
:1098B000C269243B9A4201D900F058FB2946A069AD
:1098C000BDE83840F8F772B93413002008B5FFF747
:1098D000D3FF18B1BDE80840FFF7DABF08BD0000AC
:1098E000FFF7D6BFC0E9000081607047836810B5FC
:1098F000013B002B83600DDA074C4268A369586274
:1099000018605A60136043600520FFF753FFA36996
:10991000586A10BD0020FCE73413002008B520234E
:1099200083F31188FFF7E2FF002383F3118808BD5A
:10993000826803460132002A826007DC0068026800
:109940001A60536000234362FFF7ECBE70470000CB
:10995000FEE7000010B5114CFFF7DAFE00F098F9B1
:1099600000F0CAFBFFF782FC00F07AF980220C4974
:10997000204600F043F80B4B44F8180CC361012358
:1099800080F8203000F052FB002383F3118862B688
:10999000BDE81040044800F069B800BF641300201F
:1099A00068B100080002002080B1000808B572B656
:1099B000034BD86200F038FA00F0D6FAFEE700BF99
:1099C0003413002000F0A0B9EFF3118020B9EFF3B9
:1099D0000583202282F311887047000010B530B94A
:1099E000EFF30584C4F3080414B180F3118810BDAB
:1099F000FFF76CFF84F31188F9E70000826042638F
:109A00000022C0E90B2202220284012280F82220D7
:109A1000054A81615169026141610861506100F14B
:109A200028028262704700BF34130020884200D3AE
:109A3000704700F8012BF9E7D0E9012343F81C2C0B
:109A4000A3F15C0243F82C2C0269016843F85C2CFA
:109A5000426943F8582C044A43F83C2CC268A3F1ED
:109A60003800FFF7CBBF00BFBD1B00085521D0E970
:109A7000013210B59A420DD8202383F31188FFF7E5
:109A8000DBFF00210446FFF7D1FE002383F311889A
:109A9000204610BD03F8011BECE70000202383F3F0
:109AA000118890F82230013B80F82230036A03F0DD
:109AB000FF130F2B10D1D0E904231A6102695361FF
:109AC000002383F3118890F8213003F00303012B66
:109AD00005D1C069FFF75ABC002383F31188704792
:109AE00038B50F4B9C69606204F12805A06AA84252
:109AF00010D194F8223043B994F821309B0701BF6C
:109B0000D4E904231A61226953610F20BDE838406B
:109B1000FFF750BE0368A362FFF704FEE6E700BF4D
:109B200034130020202383F31188FFF7D9BF0000EE
:109B300010B5202383F31188084B9B695C6B9968EF
:109B4000A14201D0814200D298605863FFF7BEFE67
:109B5000002383F31188204610BD00BF341300207A
:109B600008B50146202383F311880820FFF740FE43
:109B7000002383F3118808BD054B9B6921B1036065
:109B800058620320FFF734BE4FF0FF30704700BF2C
:109B90003413002003682BB100220260596218467A
:109BA000FFF7C0BD7047000049B1064B42689B6992
:109BB00018605A60136043600420FFF719BE4FF02D
:109BC000FF307047341300200368984206D01A68AB
:109BD0000260506059621846FFF7A4BD704700004C
:109BE00038B504460D462068844200D138BD03686C
:109BF00023605C604562FFF795FDF4E700234FF0BA
:109C0000FF32C0E90233C0E9002300220023C0E98B
:109C100004237047014B5B6883607047001000E0CD
:109C20000D4A0E4B916EC2685B680132C260826859
:109C300030B5D0E904459B1A5B1AE11845F10002E2
:109C4000C0E90412426883609342026888BF43609F
:109C5000934238BF036030BD34130020001000E091
:109C6000002330B5094C87B06846A3660425FFF78A
:109C7000C5FF6846FFF7CEFF6846FFF7D1FF013DFD
:109C8000F7D1009BA36607B030BD00BF341300209E
:109C9000054B03F11C02C3E907224FF0FF325A6261
:109CA00000229A62704700BF3413002010B5C0E94B
:109CB00003230B4A936AD3699C68A1420CD85C6861
:109CC000816003604460206058609868411A996020
:109CD0004FF0FF33536210BD091B1B68ECE700BF58
:109CE00034130020036881689A680A449A604268C5
:109CF000136003685A6000234FF0FF32C360014BCA
:109D00005A6270473413002038B50F4C2146A26ABE
:109D10000132A26251F81C2F8A4206D02025936896
:109D2000013B9360E3699A6802B138BDD3E9000151
:109D3000086018684160D968DA6082F31188186990
:109D4000884785F31188EDE7341300200020704721
:109D5000FEE70000704700004FF0FF307047000042
:109D600038B5044610B90023184638BD11F0050572
:109D70000DD00734012924F00704F4D1082221462C
:109D80000020FFF793FA034658B915B1EBE7022913
:109D9000F4D1082221460020FFF788FA0346002864
:109DA000E1D018462246002100F01CFC0346DBE708
:109DB000704700000021FFF7D3BF00000121FFF72B
:109DC000CFBF00000221FFF7CBBF00004843FFF7E1
:109DD000F1BF000008B1FFF7D9BA704707B50022FC
:109DE00002A941F8042D1046FFF714FB00F0ACF96E
:109DF000019B184403B05DF804FB000013B5049CFC
:109E0000CDE9003413460A460146002000F0A4F9CB
:109E100002B010BD024B0360024B01200B60704783
:109E200070140020A0B100084FF400514FF0005012
:109E300000F098B82DE93048FFF7C6FD4FF47A736B
:109E40000F49104A8C6A116803FB04F38B420E49D8
:109E500012D2D1E9004514F1000B45F1010CC1E922
:109E600000BC1BEB03044CF100051360FFF7B6FDCB
:109E700020462946BDE83088D1E900BCF1E700BFA3
:109E80003413002090140020981400202DE9D848A5
:109E90004FF47A74FFF798FD0B4A0C4B916A1A68DD
:109EA00004FB01F4944208D2094AD2E9006716F192
:109EB000000B47F1010CC2E900BC1C60FFF78EFDEE
:109EC0002046BDE8D88800BF34130020901400203D
:109ED0009814002008B5FFF7ADFF4FF47A72002305
:109EE000F7F760FC08BD00BF032910D8DFE801F0D8
:109EF00002070B10836943EA02128261704783698B
:109F000043EA0232F9E7C36943EA0212C2617047C9
:109F1000C36943EA0232F9E7F8B506460F46FFF790
:109F200089FF8F4208BF864205D3341A024B67EB84
:109F30000105C3E90045F8BDA014002008B5FFF7EE
:109F400079FF034BD3E900238018594108BD00BFB6
:109F5000A014002070470000704700007047000008
:109F60007047000070470000704700007047000015
:109F700003461A68191DB2F1553F01D0181A7047EF
:109F80000B46F6E745F25552064B1A6002225A601C
:109F900040F6FF729A604CF6CC421A600122024BE6
:109FA0001A70704700300040AC140020034B1B783F
:109FB0001BB14AF6AA22024B1A607047AC1400206B
:109FC00000300040034B1A6812B9034A12681A6045
:109FD000704700BFA8140020241002404FF0807288
:109FE000014B1A60704700BF2410024008B5FFF70C
:109FF000E9FF024B1868C0F3407008BDA8140020A8
:10A00000CAB201460120FFF7A5BF0000CAB201464F
:10A010000120FFF7A1BF0000EFF30983203383F392
:10A020000988002383F3118870470000202080F303
:10A03000118862B60B4B0C4AD96821F4E06109041F
:10A04000090C0A430949DA60CA6842F08072CA60A2
:10A0500007490A6842F001020A601022DA7783F8A1
:10A060002200704700ED00E00003FA05F0ED00E08B
:10A07000001000E010B5202383F311880B4B5B68C0
:10A0800013F400630FD0EFF309844FF08073203C8A
:10A09000E36184F30988FFF7EFFB10B1044BA36180
:10A0A00010BD044BFBE783F31188F9E700ED00E0F6
:10A0B000CF1B0008D21B000870470000FEE700001D
:10A0C000084A094B09498B4204D30021084A9342AC
:10A0D00005D3704752F8040F43F8040BF3E743F835
:10A0E000041BF4E730B20008B8140020B8140020B4
:10A0F000B814002070470000024B034A1A60034A5C
:10A100005A607047B0140020B814002000200020CE
:10A11000074B10B55C684942201A08401968821A3A
:10A12000914203D8944201D35A6010BD0020FCE74D
:10A13000B014002008B5202383F31188FFF7E8FF4F
:10A14000002383F3118808BD024B58681B68C01AAE
:10A15000704700BFB0140020F0B5174687B0082242
:10A160000E461D46FFF7A2F80446D8B10C9B811994
:10A1700004930D9B55220593CDE90070CDE902159E
:10A18000FFF754FC202383F311886846FFF754FC43
:10A190000123002180F821300446FFF747FB00230C
:10A1A00083F31188204607B0F0BD000000F038B8F6
:10A1B00008B500F05FF9FFF7CDFBFFF703FFFFF7EE
:10A1C0000DFFBDE80840FFF7F3BD00007047000039
:10A1D0004FF0FF3108B5104B1A6919611A69002256
:10A1E0001A611869D868D960D968DA60DA68DA69FA
:10A1F00042F08052DA61DA69DA6942F00062DA61CB
:10A20000064ADB69136843F480731360FDF704FFAB
:10A21000BDE8084000F00EB9001002400070004098
:10A22000144B1A6842F001021A601A689107FCD5B3
:10A230001A6802F0F9021A6000225A605A6812F095
:10A240000C0FFBD11A6842F480321A601A6892032C
:10A25000FCD54FF4E81210215A60074A11605A6881
:10A2600042F001025A605A6802F00C02042AFAD144
:10A27000704700BF0010024000200240084A08B5A5
:10A28000516913680B4003F00103536123B1054A80
:10A2900013680BB150689847BDE80840FFF7EABE65
:10A2A00000040140A4100020084A08B55169136851
:10A2B0000B4003F00203536123B1054A93680BB1CD
:10A2C000D0689847BDE80840FFF7D4BE00040140BD
:10A2D000A4100020084A08B5516913680B4003F028
:10A2E0000403536123B1054A13690BB150699847C0
:10A2F000BDE80840FFF7BEBE00040140A4100020E6
:10A30000084A08B5516913680B4003F0080353610C
:10A3100023B1054A93690BB1D0699847BDE808405D
:10A32000FFF7A8BE00040140A4100020084A08B5A9
:10A33000516913680B4003F01003536123B1054AC0
:10A34000136A0BB1506A9847BDE80840FFF792BE08
:10A3500000040140A4100020174B10B55A691C6876
:10A36000144004F478725A61A30604D5134A936A20
:10A370000BB1D06A9847600604D5104A136B0BB135
:10A38000506B9847210604D50C4A936B0BB1D06BE8
:10A390009847E20504D5094A136C0BB1506C9847F5
:10A3A000A30504D5054A936C0BB1D06C9847BDE862
:10A3B0001040FFF75FBE00BF00040140A410002062
:10A3C0001A4B10B55A691C68144004F47C425A6157
:10A3D000620504D5164A136D0BB1506D98472305DD
:10A3E00004D5134A936D0BB1D06D9847E00404D5A2
:10A3F0000F4A136E0BB1506E9847A10404D50C4A56
:10A40000936E0BB1D06E9847620404D5084A136F5F
:10A410000BB1506F9847230404D5054A936F0BB1D5
:10A42000D06F9847BDE81040FFF724BE00040140FC
:10A43000A4100020062108B50846FEF721FC0621DD
:10A440000720FEF71DFC06210820FEF719FC062157
:10A450000920FEF715FC06210A20FEF711FC062153
:10A460001720FEF70DFCBDE8084006212820FEF766
:10A4700007BC000008B5FFF7ABFE0948FDF790FEEA
:10A48000FEF72CFCFEF736FCFEF772FCFEF768FECA
:10A49000FEF7C6FEFFF79AFEBDE8084000F002B8DE
:10A4A000ACB1000800F000B845F6BF52044B0821DB
:10A4B0005A6000229A6007220B201A60FEF706BC41
:10A4C00010E000E008B5202383F31188FFF77AFA43
:10A4D000002383F3118808BD08B5FFF7F3FFBDE83B
:10A4E0000840FFF7C7BD00000B460146184600F0C4
:10A4F0005FB8000030B5C0F3C754A4F17F021E2A34
:10A5000083B024DC531C1FDB162A4FEAD07522DCF3
:10A51000144B014653F825402046F6F72FFE0190D4
:10A5200001982146F6F728FE30F000430CD0C0F326
:10A530001603C0F3C75243F40000C2F19603D8409B
:10A540001DB1404203B030BD002003B030BDF7F76D
:10A55000E3F803B030BDC0F3160040F40000963CB1
:10A56000A040EDE7E8B1000808B5C0F3C7537F3B52
:10A57000162B01460EDC002B024610DB0B4818415F
:10A58000014205D04FF480011941114421EA000134
:10A59000084608BD802BFBD1F6F7F0FD08BD01335E
:10A5A00000F00041F4D141F07E51F1E7FFFF7F0060
:10A5B00010B5054C13462CB10A4601460220AFF3F4
:10A5C000008010BD2046FCE70000000010B5431ECF
:10A5D0000A44914200D110BD11F8014B03F8014F1C
:10A5E000F7E7000003460244934200D1704703F8A6
:10A5F000011BF9E770B50446013902B970BD234665
:10A6000011F8015F561E03F8015B2DB91444A342F3
:10A61000F4D003F8015BFAE71C463246EDE7000090
:10A62000034610B501448B4202D01A785C1C0AB96B
:10A63000181A10BD2346F6E70002030104050607B9
:10A640000809000000C20100000000000000000036
:10A650000000000000000000A0860100001400209F
:10A6600000000000000000000000000000000000EA
:10A6700000000000F1300008F530000800070E0966
:10A680001C1B1215383F363124232A2D70777E7912
:10A690006C6B6265484F464154535A5DE0E7EEE902
:10A6A000FCFBF2F5D8DFD6D1C4C3CACD90979E99F2
:10A6B0008C8B8285A8AFA6A1B4B3BABDC7C0C9CEE2
:10A6C000DBDCD5D2FFF8F1F6E3E4EDEAB7B0B9BED2
:10A6D000ABACA5A28F88818693949D9A2720292EC2
:10A6E0003B3C35321F18111603040D0A5750595EB2
:10A6F0004B4C45426F68616673747D7A898E8780A2
:10A7000095929B9CB1B6BFB8ADAAA3A4F9FEF7F091
:10A71000E5E2EBECC1C6CFC8DDDAD3D4696E676081
:10A7200075727B7C51565F584D4A4344191E171071
:10A7300005020B0C21262F283D3A33344E49404761
:10A7400052555C5B7671787F6A6D64633E39303751
:10A7500022252C2B0601080F1A1D1413AEA9A0A741
:10A76000B2B5BCBB9691989F8A8D8483DED9D0D731
:10A77000C2C5CCCBE6E1E8EFFAFDF4F300C201007C
:10A780000001000000C2010000010100A0860100DC
:10A79000020201009A5B06000001000080841E0096
:10A7A000000100000000000000000000093800085F
:10A7B000253800080D380008113800081538000841
:10A7C000193800081D380008213800080000000072
:10A7D00000000000E1390008E5390008E93C000804
:10A7E000153D000815380008D5390008DD39000886
:10A7F000213800081F0000003F0000007F0000001B
:10A80000FF000000FF010000FF030000FF07000041
:10A81000FF0F0000FF1F0000FF3F0000FF7F000050
:10A82000FFFF00000000000000000000353D0008B0
:10A83000393D0008E13E0008193F000815380008BE
:10A84000193800081D3800082138000800000000F1
:10A8500000000000454000081D4000089540000829
:10A8600035400008D14000080D4100082140000893
:10A870002940000831400008854000087540000864
:10A8800000000000000000000000000000000000C8
:10A890006D430008315A0008315A0008714300081E
:10A8A00075430008794300087D430008315A0008C9
:10A8B000315A0008315A00089543000899430008AE
:10A8C000B1430008B9430008C5430008C943000864
:10A8D000CD4300080000000000000000315A0008CD
:10A8E0000000000000000000B1440008B944000866
:10A8F000F1430008F5430008F94300080000000098
:10A9000000000000FD430008014400080544000861
:10A91000094400080000000000000000C1440008D5
:10A92000D94400086D4300080D4400081144000894
:10A930007143000875430008794300087D4300080F
:10A94000194400081D440008D54300089543000839
:10A9500099430008B1430008B9430008C543000803
:10A96000C9430008CD43000815440008D14300083E
:10A97000D9430008000000000000000079440008EE
:10A98000DD430008E1430008E54300080000000043
:10A99000000000002D440008314400083544000840
:10A9A000394400083D44000841440008454400087B
:10A9B000696F6669726D7761726500000000000062
:10A9C00000000000ED450008F0490200E09304009B
:10A9D000C0270900804F120000350C0060E316000C
:10A9E00054494D455256310A0054494D252D327572
:10A9F00020434C4B3D2534754D687A204D4F4445DE
:10AA00003D25357320465245513D25387520544724
:10AA1000543D2538750A000052434F75743A204959
:10AA20006E697469616C6973696E670052434F7532
:10AA3000743A204E6F6E650052434F75743A0000B1
:10AA40000000000000000000BD4C0008894E000816
:10AA5000314F0008554F0008814F00086554000829
:10AA60003148000835480008394800083D480008CA
:10AA7000414800084548000889490008C5540008B5
:10AA800035490008F54900085149000861490008A6
:10AA9000B5490008A1490008AD49000875480008FB
:10AAA0007D48000889480008494800084D480008CA
:10AAB00091490008451C0008894B00089549000889
:10AAC000994900089D490008F1510008214A0008F1
:10AAD000D5480008B9490008C94800085548000889
:10AAE00059480008394C00085D48000861480008D2
:10AAF0006548000869480008B94F00083556000845
:10AB0000AD5000083D5500086D4800087148000828
:10AB100033AA00085CAB000860AB000865AB000816
:10AB20006BAB000871AB000877AB00087DAB000889
:10AB300083AB00088AAB00088FAB00082573202583
:10AB4000733A25750025732025733A25752D2575D3
:10AB500000000000556E6B6E6F776E0050574D0011
:10AB60004F6E6553004F5331323500427275736832
:10AB700000445331353000445333303000445336B1
:10AB8000303000445331323030004E656F50005049
:10AB9000726F66694C454400000000000000000030
:10ABA000395E0008555E0008315D0008495D000807
:10ABB0006D5D0008715D00087D5D0008095E00089C
:10ABC000795D0008000000000000000065650008D5
:10ABD0006565000881650008696500086965000809
:10ABE0005D650008000000000000000085650008A9
:10ABF00091650008896500085165000855650008E1
:10AC0000596500080000000000000000CD65000844
:10AC1000D5650008B9650008C1650008E56500084C
:10AC2000E96500080000000000000000016600085F
:10AC3000ED7F00080966000805660008F565000854
:10AC4000F9650008FD650008000000000000000034
:10AC5000395E0008555E0008B5660008B966000850
:10AC6000A5660008AD6600089D660008095E00083C
:10AC7000A96600089166000821660008956600082C
:10AC800099660008996600089D660008A16600089C
:10AC90009D660008296600082D66000831660008D8
:10ACA000356600083D660008496600084D660008E4
:10ACB0005166000855660008596600085D66000880
:10ACC000616600086566000869660008716600082C
:10ACD000796600087D6600088166000885660008C0
:10ACE000896600088D660008000000000000000072
:10ACF000E9660008ED660008196800083968000870
:10AD000015380008193800081D38000821380008D7
:10AD10000000000000000000596800085D6800089D
:10AD2000696800081138000815380008193800084B
:10AD30001D38000821380008000000000000000055
:10AD4000E9680008ED6800087D6A0008AD6A00083F
:10AD500015380008193800081D3800082138000887
:10AD60000000000000000000CD6A0008D16A000861
:10AD7000496D00086D6D0008153800081938000885
:10AD80001D38000821380008000000000000000005
:10AD90008D6D0008916D0008416E0008616E00081D
:10ADA00015380008193800081D3800082138000837
:10ADB00000000000000000006D6E0008716E0008C9
:10ADC000B5700008D9700008153800081938000857
:10ADD0001D380008213800084F7574206F6620491F
:10ADE0004F2070726F6365737365730A0000000013
:10ADF0004F7574206F662074696D65722070726F74
:10AE00006365737365730A0050414E49433A20737A
:10AE100063686564756C65723A3A7365745F7379DB
:10AE20007374656D5F696E697469616C697A656474
:10AE30002063616C6C65646D6F7265207468616E0F
:10AE4000206F6E636500000000000000000000003D
:10AE50004D720008AD720008C573000869720008E1
:10AE6000F175000815740008F5730008C17F00082B
:10AE7000017200082D73000839740008117200086F
:10AE8000A17300080D72000815720008097200080D
:10AE900095720008B9730008BD730008C97F0008E7
:10AEA0001975000800B601B402B503B004B205B5C7
:10AEB00006B5073C08B1093A0A3C0B3B0C020000FE
:10AEC0000000000000000000497600083576000808
:10AED000B965000829760008257600083D76000847
:10AEE0005468726561647356320A495352202020B7
:10AEF00020202020202020205052493D323535206E
:10AF000073703D257020535441434B3D25752F25CB
:10AF1000750A00252D31332E313373205052493DAF
:10AF20002533752073703D257020535441434B3DAC
:10AF300025752F25750A0000696F6D6375002573EF
:10AF400020253032582530325825303258253032BD
:10AF50005820253032582530325825303258253087
:10AF60003258202530325825303258253032582575
:10AF7000303258004D656D496E666F56310A005388
:10AF8000544152543D307825303878204C454E3D60
:10AF90002533756B20465245453D253675204C526C
:10AFA000473D25367520545950453D2531750A00D9
:10AFB0000000000000000000417A000895780008B9
:10AFC000F95C0008FD5C0008015D0008055D0008F3
:10AFD000095D0008CD76000851770008F177000878
:10AFE000F97700080D5D0008FD770008317700084B
:10AFF000115D0008D176000861770008195D00082E
:10B000001D5D0008215D000895790008057700089E
:10B0100011770008F1790008AD7900080177000880
:10B02000255D000899780008DD760008257900087C
:10B03000295D00082D5D0008E1760008F57600081E
:10B04000F9760008FD76000800000000000000000E
:10B05000F97B0008D97A0008ED7A0008117B000816
:10B0600000000000000000008D7A0008757B0008D9
:10B07000457A0008917A0008B97B0008B17A000887
:10B08000317B0008457B0008497A00084D7A0008AA
:10B090000D7C00080D7E0008E97D0008217D000878
:10B0A000D57A0008517A00080000024008000240EA
:10B0B000010000000000000B000002401C000240E4
:10B0C000020000000004010C0000024030000240B9
:10B0D000040000000008020D00000240440002408D
:10B0E00008000000000C030E00000240580002405F
:10B0F000100000000010040F000002406C0002402D
:10B1000020000000001405100000024080000240F2
:10B11000400000000018061104020408080003079C
:10B1200008080808080808080B0F0000009600002F
:10B13000000000000000000000000000000000000F
:10B1400000000000299100081591000851910008A5
:10B150003D910008499100083591000821910008AF
:10B160000D9100085D9100086D61696E0016433015
:10B17000040438080C1014181C20212200000000C0
:10B1800098B10008A01300207014002001000000F6
:10B19000519900080000000069646C65000000001F
:10B1A000000000200020000001000000FF06000059
:10B1B000997B0099B8574444036B0000994481443B
:10B1C000995B54580080000044444444444414882B
:10B1D000000000004444444444444444000000004F
:10B1E00044444444444444440000004B000000CB29
:10B1F0000466FF7F01000000000000000000000066
:10B20000E12300080000000000000000AD24000859
:10B210000000000060E316001000000000000000C5
:10B22000FE2A0100D204000094A9000804A9000825
:04B230000800000012
:00000001FF
